domain,last_analysis_date,last_analysis_stats.harmless,last_analysis_stats.malicious,last_analysis_stats.suspicious,last_analysis_stats.timeout,last_analysis_stats.undetected,total_votes.harmless,total_votes.malicious
imbbk3238g.xyz,1681373054,0,0,0,0,86,0,0
imbbk323q.xyz,1681373005,0,0,0,0,86,0,0
imgg6625p.xyz,1682391065,64,0,1,0,22,0,0
imgg6629p.xyz,1682535782,64,0,1,0,22,0,0
imgg6633p.xyz,1682064215,0,0,0,0,86,0,0
imgg6666p.xyz,1682064197,0,0,0,0,86,0,0
imgg6679p.xyz,1682514626,66,0,0,0,21,0,0
lta-sg.shop,1682323980,0,0,0,0,86,0,0
product-assign.com,1682337226,65,0,0,0,22,0,0
sgpaydbs.life,1683220500,50,18,0,0,19,0,0
ubuymarketing.today,1680768277,0,0,0,0,86,0,0
simonshop.com,1683018828,64,1,0,0,22,0,0
squarefrescosolutions-aos.com,1682409713,0,0,0,0,86,0,0
duxapphome-furniture.com,1682480168,60,7,0,0,20,0,0
otyqhol.shop,,0,0,0,0,86,0,0
smart2copytrader.com,1682345287,0,0,0,0,86,0,0
tkcpropertykeyss.com,1682343536,0,0,0,0,86,0,0
hokaaushoes.com,1682342696,66,0,0,0,21,0,0
miravia-gn.com,1679041470,0,0,0,0,86,0,0
igt-sg.club,1683530870,0,0,0,0,86,0,0
kds-sg.club,1683513050,0,0,0,0,86,0,0
ocbctemasek.com,1682472503,60,6,0,0,21,0,0
sogoeatsp.com,1683360195,63,0,0,0,24,0,0
singpaorepolice.info,1683505658,0,0,0,0,86,0,0
385280a.com,1682397701,0,0,0,0,86,0,0
blackstonein.com,1682079136,67,0,0,0,20,0,0
fywwk2688.xyz,1681891461,0,0,0,0,86,0,0
kaneka.cc,1680282435,0,0,0,0,86,0,0
onemotoringd-lta.shop,1682496223,0,0,0,0,86,0,0
calkdr.org,1683238814,64,2,0,0,21,0,0
reservation75386.cloud,1682237044,0,0,0,0,86,0,0
sogoeatsp.net,1682409010,0,0,0,0,86,0,0
squarefrescosolutions-online.com,1682064257,0,0,0,0,86,0,0
straightnorthbase.com,1682409729,0,0,0,0,86,0,0
lta-sg.info,1682496279,0,0,0,0,86,0,0
lta-sg.life,1682496282,0,0,0,0,86,0,0
ajinomoto-sg-frozen-foods.sitey.me,1682393708,0,0,0,0,86,0,0
scatop.biz,1683525466,0,0,0,0,86,0,0
dbsbanksg.online,1682649557,55,12,0,0,20,0,0
ltuys.com,1682693680,0,0,0,0,86,0,0
paylahapps.life,1682649557,50,19,0,0,18,0,0
squarefrescosolutions.works,1682409733,65,0,0,0,22,0,0
vmi1286762.contaboserver.net,1682759040,57,13,0,0,17,0,0
wepaydcs.top,1682496308,50,19,0,0,18,0,0
ltgos.com,1682693602,64,0,1,0,22,0,0
sgpayapp.life,1682649541,49,20,0,0,18,0,0
gobooktable.world,1682824871,55,11,0,0,21,0,0
mountainhardwearsingapore.com,1682411126,64,0,0,0,23,0,0
sgpayapps.top,1682649535,49,20,0,0,18,0,0
dbsbanking.life,1682649512,48,20,0,0,19,0,0
duxhome-furniture.com,1682651160,67,0,0,0,20,0,0
onemotoring-lta-gov-sg.cc,1682436893,64,2,0,0,21,0,0
vivobarefootshoesg.com,1683264323,54,14,0,0,19,0,0
zaubao.com,1677830795,0,0,0,0,86,0,0
huobinut.com,1682693515,0,0,0,0,86,0,0
hxia5.vip,1682425420,66,0,0,0,21,0,0
singteio.top,1682496317,0,0,0,0,86,0,0
wunderfauks-enhance.com,1682496321,0,0,0,0,86,0,0
huobi-486.com,1682693632,63,0,1,0,23,0,0
shop.ee-fr.com,1683504729,56,10,0,0,21,0,0
lebton.info,1682496268,0,0,0,0,86,0,0
151869.com,1682512526,66,0,0,0,21,0,0
hachi-service.com,1682481414,66,0,0,0,21,0,0
imgg6699p.xyz,1682481513,0,0,0,0,86,0,0
verzdesign-pro.com,1682409775,0,0,0,0,86,0,0
deluxe-home-furniture.com,1681200257,0,0,0,0,86,0,0
furniture-homes.com,1682357374,65,0,0,0,22,0,0
furnitureappdeluxe.com,1682259061,62,4,0,0,21,0,0
cfresfurniture.com,1681637331,0,0,0,0,86,0,0
corpdbs.com,1682649385,62,4,0,0,21,0,0
djaipiby.com,1682482821,67,0,0,0,20,0,0
ebay-singapore.com,1682566914,55,12,0,0,20,0,0
fywwk2677.xyz,1681891519,0,0,0,0,86,0,0
imgg6612p.xyz,1683504909,0,0,0,0,86,0,0
imgg6618p.xyz,1683504909,0,0,0,0,86,0,0
obpublicity.com,1682236937,0,0,0,0,86,0,0
squarefrescosolutions-world.com,1682496234,0,0,0,0,86,0,0
straightnorthsubmit.com,1682409707,0,0,0,0,86,0,0
todomobile-aim.net,1681286636,0,0,0,0,86,0,0
wunderfauks.net,1682356713,64,0,0,0,23,0,0
applications-hachi.com,1682323333,0,0,0,0,86,0,0
dlions.info,1682496325,57,0,0,0,31,0,0
hachi-application.com,1682323313,0,0,0,0,86,0,0
hachi-web.com,1682494467,65,0,0,0,22,0,0
hws-hachi.com,1682323312,0,0,0,0,86,0,0
ilo1x5.top,1682653820,61,5,0,0,21,0,0
inlk2e.top,1682740888,58,7,0,0,22,0,0
ocdigitalnetwork-advance.com,1682409763,0,0,0,0,86,0,0
ocdigitalnetwork-api.com,1682409785,0,0,0,0,86,0,0
ocdigitalnetwork-link.com,1682323339,0,0,0,0,86,0,0
ocdigitalnetwork-theresa.com,1682409754,0,0,0,0,86,0,0
ocdigitalnetwork-tiffany.com,1682409784,0,0,0,0,86,0,0
paylahapps.top,1682496278,0,0,0,0,86,0,0
pink1x.top,1682654204,59,7,0,0,21,0,0
toltroad-nz.top,1682649382,54,12,0,0,21,0,0
squarefrescosolutions-anita.com,1682409720,0,0,0,0,86,0,0
squarefrescosolutions-network.com,1682323331,0,0,0,0,86,0,0
squarefrescosolutions-ratings.com,1682409764,0,0,0,0,86,0,0
squarefrescosolutions-register.com,1682323343,0,0,0,0,86,0,0
squarefrescosolutions-solution.com,1682409705,0,0,0,0,86,0,0
wunderfauks-advance.com,1682323357,0,0,0,0,86,0,0
wunderfauks-analysis.com,1682323348,0,0,0,0,86,0,0
wunderfauks-audit.com,1682323319,0,0,0,0,86,0,0
wunderfauks-pro.com,1682409773,0,0,0,0,86,0,0
wunderfauks-reviews.com,1682323391,0,0,0,0,86,0,0
wunderfauks-survey.com,1682323307,0,0,0,0,86,0,0
m-daq.cc,1671529541,0,0,0,0,86,0,0
money-easilyyjv.buzz,1683418423,61,3,2,0,21,0,0
onemotoringk-lta.shop,1682582467,0,0,0,0,86,0,0
riot-games-sg.cc,1682694771,0,0,0,0,86,0,0
internet-ib-baking-sg.com,1682649340,53,13,0,0,21,0,0
lta-sgv.shop,1682496355,0,0,0,0,86,0,0
sgintle.top,1682582507,0,0,0,0,86,0,0
postrkl.shop,1683260380,50,19,0,0,18,0,0
iaondex.net,1682513845,65,0,0,0,22,0,0
aushopee.com,1682496262,0,0,0,0,86,0,0
chartercom-loong.pages.dev,1682523904,0,0,0,0,86,0,0
onemotoringr-lta.shop,1682582509,0,0,0,0,86,0,0
qdshopee.com,1682496277,0,0,0,0,86,0,0
singsg.online,1682620826,66,0,0,0,21,0,0
straightnorthfood.com,1682693510,0,0,0,0,86,0,0
wishbone-wdg.com,1682064259,0,0,0,0,86,0,0
wunderfauks-brands.com,1682496297,0,0,0,0,86,0,0
zrshopee.com,1682496224,0,0,0,0,86,0,0
cablepiano.com,1682731553,60,0,0,0,27,0,0
follow-girlsapp.com,1683223991,60,5,1,0,21,0,0
followapksite-welike.com,1682409752,0,0,0,0,86,0,0
furnituredulxe.com,1682564353,65,0,0,0,22,0,0
postconferm.com,1683518084,0,0,0,0,86,0,0
sg-lta.life,1682693623,0,0,0,0,86,0,0
sogepatos.com,1682693575,65,0,0,0,22,0,0
part-time.vip,,64,0,0,0,23,0,0
onemotoringsg-sg.shop,1682755270,65,0,0,0,22,0,0
tmao723.xyz,1681891555,0,0,0,0,86,0,0
sgpay.life,1683215054,51,17,0,0,19,0,0
wepaylah.life,1683216490,50,18,0,0,19,0,0
beep-dla423sg2.shop,1682908667,66,1,0,0,20,0,0
adzooma-vn.com,1682236985,0,0,0,0,86,0,0
anymind-advance.com,1681891556,0,0,0,0,86,0,0
anymind-analysis.com,1681891531,0,0,0,0,86,0,0
anymind-audit.com,1681891507,0,0,0,0,86,0,0
anymind-enhance.com,1681891429,0,0,0,0,86,0,0
anymind-examines.com,1683269253,66,0,0,0,21,0,0
apptailors-uk.com,1682394279,65,0,0,0,22,0,0
bdsa-advance.com,1682150713,0,0,0,0,86,0,0
bdsa-enhance.com,1682150685,0,0,0,0,86,0,0
bdsa-network.com,1682236939,0,0,0,0,86,0,0
bdsa-overview.com,1682237019,0,0,0,0,86,0,0
bdsa-pro.com,1682409700,0,0,0,0,86,0,0
bdsa-work.com,1683520880,0,0,0,0,86,0,0
bdsaboostara.com,1683501495,0,0,0,0,86,0,0
bdsaboostava.com,1682409781,0,0,0,0,86,0,0
bdsaboosteve.com,1682150744,0,0,0,0,86,0,0
bdsabrandsere.com,1681977805,0,0,0,0,86,0,0
bdsastaff.com,1683497358,0,0,0,0,86,0,0
bdsastaffbase.com,1682496301,0,0,0,0,86,0,0
bdsastafflogin.com,1682496220,0,0,0,0,86,0,0
beep-dlq423sg1.shop,1682669814,0,0,0,0,86,0,0
beep-dlz423sg3.shop,1682409773,0,0,0,0,86,0,0
cansnowflake.com,1683237842,65,1,0,0,21,0,0
clickbank-analysis.com,1682409700,0,0,0,0,86,0,0
creativeans-anita.com,1682409781,0,0,0,0,86,0,0
creativeans-examines.com,1682409764,0,0,0,0,86,0,0
dreamin-enhance.com,1681891549,0,0,0,0,86,0,0
ensono-uk.com,1682511374,67,0,0,0,20,0,0
espire-boots.com,1682237011,0,0,0,0,86,0,0
espire-enhance.com,1682150726,0,0,0,0,86,0,0
espire-reviews.com,1681459412,0,0,0,0,86,0,0
espire-senna.com,1682237044,0,0,0,0,86,0,0
espire-space.com,1682323343,0,0,0,0,86,0,0
espireexamines.com,1682237026,0,0,0,0,86,0,0
espireprogram.com,1682409771,0,0,0,0,86,0,0
ethereumsrm.com,1682389294,50,20,0,0,17,0,0
fusionex-advance.com,1682496315,0,0,0,0,86,0,0
gartner-aim.com,1682409779,0,0,0,0,86,0,0
hachi-advance.com,1682496290,0,0,0,0,86,0,0
hachi-aka.com,1681891510,0,0,0,0,86,0,0
hatchhouse-boots.com,1682421987,66,0,0,0,21,0,0
hatchhouse-enhance.com,1681891527,0,0,0,0,86,0,0
hk-algoscale-analysis.com,1682496314,0,0,0,0,86,0,0
hk-algoscale-analyze.com,1682496320,0,0,0,0,86,0,0
hk-algoscale-audit.com,1682496295,0,0,0,0,86,0,0
hk-algoscale-enhance.com,1682496277,0,0,0,0,86,0,0
hk-algoscale-examines.com,1682496254,0,0,0,0,86,0,0
hk-algoscale-program.com,1682496294,0,0,0,0,86,0,0
hk-algoscale-reviews.com,1682496277,0,0,0,0,86,0,0
hk-algoscale-revue.com,1682496334,0,0,0,0,86,0,0
hk-algoscale-senna.com,1682496362,0,0,0,0,86,0,0
hk-algoscale-software.com,1682496364,0,0,0,0,86,0,0
hk-algoscale-summaries.com,1682496272,0,0,0,0,86,0,0
in2brandete.com,1682409785,0,0,0,0,86,0,0
in2brandeue.com,1682496325,0,0,0,0,86,0,0
in2redworld.com,1682323352,0,0,0,0,86,0,0
infinum-boots.com,1682632701,66,0,0,0,21,0,0
infinum-business.com,1682323394,0,0,0,0,86,0,0
kryst-aim.com,1681637332,0,0,0,0,86,0,0
kryst-pre.com,1681200219,0,0,0,0,86,0,0
kryst-world.com,1682237026,0,0,0,0,86,0,0
luck-product.com,1682150683,0,0,0,0,86,0,0
mabangerp.site,1682323306,0,0,0,0,86,0,0
oasis-evolve.com,1682409740,0,0,0,0,86,0,0
ocdigitalnet-enhance.com,1682237025,0,0,0,0,86,0,0
ocdigitalnet-increase.com,1682237044,0,0,0,0,86,0,0
ocdigitalnetwork-action.com,1682496283,0,0,0,0,86,0,0
ocdigitalnetwork-analysis.com,1683519187,0,0,0,0,86,0,0
ocdigitalnetwork-business.com,1682323309,0,0,0,0,86,0,0
ocdigitalnetwork-develop.com,1682150753,0,0,0,0,86,0,0
ocdigitalnetwork-drive.com,1682150686,0,0,0,0,86,0,0
ocdigitalnetwork-leslie.com,1683491658,0,0,0,0,86,0,0
ocdigitalnetwork-overview.com,1682150707,0,0,0,0,86,0,0
ocdigitalnetwork-pro.com,1682323369,0,0,0,0,86,0,0
ocdigitalnetwork-reports.com,1681891550,0,0,0,0,86,0,0
ocdigitalnetwork-reputation.com,1682064276,0,0,0,0,86,0,0
ocdigitalnetwork-software.com,1682150797,0,0,0,0,86,0,0
ocdigitalnetwork-web.com,1682237011,0,0,0,0,86,0,0
onlinesearch-au.link,1682864308,63,3,0,0,21,0,0
project-good.com,1682150798,58,0,0,0,30,0,0
project-great.com,1682150722,0,0,0,0,86,0,0
replug-aim.com,1682064149,0,0,0,0,86,0,0
replug.online,1682150793,62,0,0,0,25,0,0
replugimprove.com,1682150746,0,0,0,0,86,0,0
replugwork.com,1682150787,0,0,0,0,86,0,0
roguedigita-aim.com,1682409744,0,0,0,0,86,0,0
sgpayment.top,1683215069,50,18,0,0,19,0,0
sharptech-nov.com,1681373030,0,0,0,0,86,0,0
sharptech-theresa.com,1683523822,0,0,0,0,86,0,0
sharptechbrandapa.com,1683499051,0,0,0,0,86,0,0
sharptechbrandata.com,1681718510,0,0,0,0,86,0,0
sharptechcompany-seo.com,1682496310,0,0,0,0,86,0,0
sharptechcompany-work.com,1682496324,0,0,0,0,86,0,0
snowflake-pro.com,1682031544,65,0,0,0,22,0,0
snowflakecan-revue.com,1682664014,66,0,0,0,21,0,0
squarefrescosolutions-aim.com,1681637405,0,0,0,0,86,0,0
squarefrescosolutions-andy.com,1682064203,0,0,0,0,86,0,0
squarefrescosolutions-api.com,1681637344,0,0,0,0,86,0,0
squarefrescosolutions-assign.com,1682150745,0,0,0,0,86,0,0
squarefrescosolutions-audit.com,1683517625,0,0,0,0,86,0,0
squarefrescosolutions-create.com,1682236957,0,0,0,0,86,0,0
squarefrescosolutions-investigation.com,1682496265,0,0,0,0,86,0,0
squarefrescosolutions-logical.com,1682150787,0,0,0,0,86,0,0
squarefrescosolutions-nice.com,1681545818,0,0,0,0,86,0,0
squarefrescosolutions-platform.com,1681373064,0,0,0,0,86,0,0
squarefrescosolutions-technical.com,1682496238,0,0,0,0,86,0,0
squarefrescosolutions-tiffany.com,1682172385,0,0,0,0,86,0,0
squarefrescosolutions-training.com,1681637333,0,0,0,0,86,0,0
squarefrescosolutions-work.com,1681545866,0,0,0,0,86,0,0
squarefrescosolutions-workbench.com,1683517066,0,0,0,0,86,0,0
swilkenplus.com,1682615927,67,0,0,0,20,0,0
verzdesign-seo.com,1682409753,0,0,0,0,86,0,0
wishbone-connect.com,1682064196,0,0,0,0,86,0,0
wishbone-development.com,1681891573,0,0,0,0,86,0,0
wishbone-evaluate.com,1681891513,0,0,0,0,86,0,0
wishbone-evaluation.com,1683018809,62,1,1,0,23,0,0
wishbone-marketing.com,1682064168,0,0,0,0,86,0,0
wishbone-optimizing.com,1683512937,0,0,0,0,86,0,0
wonderful-idea.com,1682150741,0,0,0,0,86,0,0
yotpo-api.com,1682409773,0,0,0,0,86,0,0
yotpo-ppc.com,1682409781,0,0,0,0,86,0,0
2brave-analyse.com,1682150736,0,0,0,0,86,0,0
appbooster-aim.com,1681976722,0,0,0,0,86,0,0
appbooster-aka.com,1682150769,0,0,0,0,86,0,0
appdevelopmentagency-network.com,1681718589,0,0,0,0,86,0,0
appdevelopmentagency-pro.com,1681637363,0,0,0,0,86,0,0
appdevelopmentportal-world.com,1682323323,0,0,0,0,86,0,0
apptimizer-boots.com,1682236934,0,0,0,0,86,0,0
aprelevate.com,1681372980,0,0,0,0,86,0,0
aprgrow.com,1681373053,0,0,0,0,86,0,0
can-concretio-work.com,1683018493,59,5,0,0,23,0,0
clavax-aim.com,1682150682,0,0,0,0,86,0,0
clavax-analysis.com,1682409783,0,0,0,0,86,0,0
creativeans-advance.com,1681200211,0,0,0,0,86,0,0
creativeans-audit.com,1681200217,0,0,0,0,86,0,0
creativeans-enhance.com,1681200180,0,0,0,0,86,0,0
creativeans-platform.com,1681637328,0,0,0,0,86,0,0
creativeans-ranks.com,1681286616,0,0,0,0,86,0,0
creativeans-scale.com,1681286597,0,0,0,0,86,0,0
creativeans-theresa.com,1683518216,0,0,0,0,86,0,0
creativeans-tiffany.com,1683492066,0,0,0,0,86,0,0
crowth-elevate.com,1682150742,0,0,0,0,86,0,0
crowth-examines.com,1682150764,0,0,0,0,86,0,0
ddkyyq.com,1681977807,0,0,0,0,86,0,0
designli-audit.com,1683514745,0,0,0,0,86,0,0
digivate-advance.com,1682305666,0,0,0,0,86,0,0
digivate-aim.com,1680508971,0,0,0,0,86,0,0
empiredigital-rate.com,1682496261,0,0,0,0,86,0,0
ensono-analysis.com,1683064573,0,0,0,0,86,0,0
espire-boost.com,1681027348,0,0,0,0,86,0,0
favoured-reviews.com,1682496240,0,0,0,0,86,0,0
favouredhk-reports.com,1681459351,0,0,0,0,86,0,0
forecepts-analysis.com,1682603127,0,0,0,0,86,0,0
forecepts-reviews.com,1683517207,0,0,0,0,86,0,0
gambix-revue.com,1681373010,0,0,0,0,86,0,0
good-glassbox.com,1682306082,65,0,0,0,22,0,0
good-steelkiwi.com,1681637432,64,0,0,0,23,0,0
growwwise-boots.com,1682236995,0,0,0,0,86,0,0
growwwise-pro.com,1682236962,0,0,0,0,86,0,0
hk-algoscale-advance.com,1682496232,0,0,0,0,86,0,0
hk-algoscale-reports.com,1682496295,0,0,0,0,86,0,0
idea-wonderful.com,1682150730,0,0,0,0,86,0,0
immuta-please.com,1682323355,0,0,0,0,86,0,0
immuta-xplus.com,1682323364,0,0,0,0,86,0,0
infinium-boots.com,1682323391,0,0,0,0,86,0,0
innomedia-ancient.com,1683465707,0,0,0,0,86,0,0
innomedia-audit.com,1681891493,0,0,0,0,86,0,0
kgs-aisi.com,1680940910,0,0,0,0,86,0,0
kgs-atb.com,1680940994,0,0,0,0,86,0,0
kgs-doc.com,1680940999,0,0,0,0,86,0,0
kgsboxpro.com,1683465186,0,0,0,0,86,0,0
markupascale.com,1682448423,65,0,0,0,22,0,0
matillion-analysis.com,1682999400,65,0,0,0,22,0,0
metamins-elevate.com,1683516722,0,0,0,0,86,0,0
moontechnolabs-aka.com,1682150760,0,0,0,0,86,0,0
mowebnew-drive.com,1682064203,0,0,0,0,86,0,0
netsells-elevate.com,1683498581,0,0,0,0,86,0,0
nexconz-reports.com,1682237062,0,0,0,0,86,0,0
nfh6wgvd.com,1681977823,0,0,0,0,86,0,0
nordstrom-pro.com,1681459431,65,0,0,0,22,0,0
onalytica-luck.com,1682393919,65,0,0,0,22,0,0
onlinefavoured.com,1681459392,0,0,0,0,86,0,0
osan-abc.com,1681200249,0,0,0,0,86,0,0
osan-pro.com,1681200280,0,0,0,0,86,0,0
osan-seo.com,1681200139,0,0,0,0,86,0,0
payapp.life,1683214125,50,18,0,0,19,0,0
payapps.top,1683214142,50,18,0,0,19,0,0
popperasia-luck.com,1683518564,0,0,0,0,86,0,0
popperasia-project.com,1682496352,0,0,0,0,86,0,0
popperasia-work.com,1682237050,0,0,0,0,86,0,0
ppadvance.com,1681637323,64,0,0,0,23,0,0
pro-skk.com,1681545747,0,0,0,0,86,0,0
ptolemay-program.com,1681200198,0,0,0,0,86,0,0
t-apptitude.com,1681977729,0,0,0,0,86,0,0
thetool-aim.com,1681459411,0,0,0,0,86,0,0
uk-rostmedia-pro.com,1683202422,53,13,1,0,20,0,0
upwave-boots.com,1682496268,0,0,0,0,86,0,0
vmobify-great.com,1682323306,0,0,0,0,86,0,0
vmobify-nov.com,1682473949,67,0,0,0,20,0,0
whalesventures-aim.com,1682064285,0,0,0,0,86,0,0
works-steelkiwi.com,1683018448,61,4,0,0,22,0,0
xrrhfwp.com,1681977790,0,0,0,0,86,0,0
2brave-pre.com,1681286616,0,0,0,0,86,0,0
admin-ytqd.net,1682496263,0,0,0,0,86,0,0
agileworks-aim.com,1682496287,0,0,0,0,86,0,0
agmis-examines.com,1683411229,66,0,0,0,21,0,0
appetiser-scale.com,1681027394,0,0,0,0,86,0,0
applovin-aim.com,1683518715,0,0,0,0,86,0,0
applovinsparklab.com,1682409697,0,0,0,0,86,0,0
appodealstack-aim.com,1683517407,0,0,0,0,86,0,0
appsamurai-aim.com,1682496340,0,0,0,0,86,0,0
apptimizerboost.com,1683518731,0,0,0,0,86,0,0
apptrailors-aim.com,1680941006,0,0,0,0,86,0,0
asrappcation.com,1681027325,0,0,0,0,86,0,0
assesion.com,1681027342,0,0,0,0,86,0,0
bazaarvoice-aus.com,1682496364,0,0,0,0,86,0,0
bravebison-aim.com,1680595400,0,0,0,0,86,0,0
cabotsolutions-hk.com,1682412157,66,0,0,0,21,0,0
cabotsolutions-pro.com,1682866545,65,0,0,0,22,0,0
cake-aim.com,1681459450,0,0,0,0,86,0,0
ciklum-aim.com,1681286718,0,0,0,0,86,0,0
clutch-aim.com,1683500577,65,0,0,0,22,0,0
cutwater-aim.com,1680768304,0,0,0,0,86,0,0
datastax-audit.com,1683497922,0,0,0,0,86,0,0
dicksmith-aim.com,1681200141,0,0,0,0,86,0,0
epicwebtechno-aim.com,1681286719,0,0,0,0,86,0,0
forecepts-program.com,1682323350,0,0,0,0,86,0,0
gooddata-aim.com,1680595337,0,0,0,0,86,0,0
i-concept-aim.com,1682409713,0,0,0,0,86,0,0
impossible-aim.com,1680940994,0,0,0,0,86,0,0
in2brandere.com,1682237022,0,0,0,0,86,0,0
innomedia-examines.com,1682237050,0,0,0,0,86,0,0
invest-global.net,1682586956,62,0,0,0,25,0,0
ipixel-apps.com,1681373016,0,0,0,0,86,0,0
kayzen-aim.com,1680681828,0,0,0,0,86,0,0
kayzen-can.com,1681076826,0,0,0,0,86,0,0
kyanon-aim.com,1681200271,0,0,0,0,86,0,0
matillion-enhance.com,1682480686,66,0,0,0,21,0,0
mediaonemarketing-aim.com,1682409708,0,0,0,0,86,0,0
mo2o-aim.com,1682496286,0,0,0,0,86,0,0
mobileappfactory-aim.com,1682430731,67,0,0,0,20,0,0
mobilethetool.com,1682409723,0,0,0,0,86,0,0
netscapeindia-aim.com,1681373075,0,0,0,0,86,0,0
notchstudio-aim.com,1682409715,0,0,0,0,86,0,0
onalytica-audit.com,1682496351,0,0,0,0,86,0,0
onalyticaka.com,1681027335,0,0,0,0,86,0,0
ppanalyze.com,1681637362,0,0,0,0,86,0,0
ppenhance.com,1681637357,0,0,0,0,86,0,0
pre-skk.com,1681545866,0,0,0,0,86,0,0
precis-aim.com,1682947083,0,0,0,0,86,0,0
priceline-software.com,1681200171,0,0,0,0,86,0,0
pro-glassbox.com,1683328084,65,0,0,0,22,0,0
qurate2-uk.com,1681545834,0,0,0,0,86,0,0
rootstrapau-aka.com,1681637386,0,0,0,0,86,0,0
rplg.work,1682150765,0,0,0,0,86,0,0
rplgimprove.com,1682150716,0,0,0,0,86,0,0
shopini-aim.com,1682429630,66,0,0,0,21,0,0
softwareag-aim.com,1683390217,0,0,0,0,86,0,0
speire-aim.com,1682150779,0,0,0,0,86,0,0
steelkiwi-elevate.com,1683506409,0,0,0,0,86,0,0
superminted-aim.com,1681637403,0,0,0,0,86,0,0
todomobile-aim.com,1682473918,67,0,0,0,20,0,0
todomobile-examines.com,1682320003,66,0,0,0,21,0,0
topnotch-examines.com,1682237055,0,0,0,0,86,0,0
topnotchdezignshk-aim.com,1682409762,0,0,0,0,86,0,0
uk-empiredigital-aka.com,1683496355,0,0,0,0,86,0,0
uk-fieldvip1.com,1683131864,66,0,0,0,21,0,0
uk-noodle.com,1681977753,0,0,0,0,86,0,0
uk-reloaddigital.com,1681977792,0,0,0,0,86,0,0
uk-youwe-pro.com,1683516911,0,0,0,0,86,0,0
very-glassbox.com,1682187543,65,1,0,0,21,0,0
veryskg.com,1681637325,0,0,0,0,86,0,0
vn-overthetopseo.com,1681891546,0,0,0,0,86,0,0
vn-virtusa.com,1682288128,65,2,0,0,20,0,0
w360-aim.com,1683497328,0,0,0,0,86,0,0
wishbone-aim.com,1681200160,0,0,0,0,86,0,0
wishbone-optimization.com,1682237063,0,0,0,0,86,0,0
wishbone-senna.com,1681286684,0,0,0,0,86,0,0
world-upwave.com,1682316696,66,0,0,0,21,0,0
wpromote-aim.com,1683512722,0,0,0,0,86,0,0
wunderfauks-platform.com,1682496321,0,0,0,0,86,0,0
wundermanthompson-ini.com,1682319537,66,0,0,0,21,0,0
wundermanthompson-pre.com,1682319495,66,0,0,0,21,0,0
wundermanthompson-pro.com,1681373021,0,0,0,0,86,0,0
zappz-aim.com,1682496359,0,0,0,0,86,0,0
dbsa.live,1683211240,50,18,0,0,19,0,0
sogepatos.net,1682588714,0,0,0,0,86,0,0
internet-baking-ibsg.com,1682693641,55,11,0,0,21,0,0
internet-ib-baking.com,1682689115,60,6,0,0,21,0,0
u-purchase.com,1682620644,65,0,0,0,22,0,0
wunderfauks-sg.com,1682841882,0,0,0,0,86,0,0
carousell-webpay.web.app,1683513752,0,0,0,0,86,0,0
fywwk26633.xyz,1681891477,0,0,0,0,86,0,0
imgg6635p.xyz,1683504909,0,0,0,0,86,0,0
imgg667p.xyz,1683504909,0,0,0,0,86,0,0
in2ideas-reviews.com,1682693686,0,0,0,0,86,0,0
okrcxhose98.com,1682738024,64,2,0,0,21,0,0
onshopee.com,1682841765,67,0,0,0,20,0,0
riot-games-sg.vip,1682693672,0,0,0,0,86,0,0
squarefrescosolutions-works.works,1682582475,0,0,0,0,86,0,0
topchooseapp.com,1682047210,59,7,0,0,21,0,0
verzdesign-audit.com,1682693729,0,0,0,0,86,0,0
xuanfeicolf.com,1683017716,62,4,0,0,21,0,0
2brave-scale.com,1682693672,0,0,0,0,86,0,0
cabotsolutions-hk.net,1682579495,0,0,0,0,86,0,0
uk-innovaccer.net,1677485196,0,0,0,0,86,0,0
xiushops.com,1682504397,64,0,0,0,23,0,0
bos-cms.cloudzz.org,1664804315,67,0,0,0,20,0,0
ehano.top,1679213181,0,0,0,0,86,0,0
fhgdhr.com,1682693586,0,0,0,0,86,0,0
fywwk26655.xyz,1682653438,65,0,1,0,21,0,0
impact-vo.com,1682064214,0,0,0,0,86,0,0
kw9js71s.cn,1682654017,0,0,0,0,86,0,0
redcoin.app,1680035390,0,0,0,0,86,0,0
squarefrescosolutions-seo.com,1682693713,0,0,0,0,86,0,0
squarefrescosolutions-website.com,1682693676,0,0,0,0,86,0,0
straightnorthdrink.com,1682693728,0,0,0,0,86,0,0
upwavescale.com,1682693743,65,0,0,0,22,0,0
wefil-okredr-shers.com,1682656109,64,1,0,0,22,0,0
wishbone-home.com,1682841857,0,0,0,0,86,0,0
dbssafety.icu,1682735723,47,22,0,0,18,0,0
dbswallet.live,1682735714,47,22,0,0,18,0,0
dbso.info,1682750067,47,22,0,0,18,0,0
dbsinfo.top,1682735710,48,21,0,0,18,0,0
dbswallet.info,1682735714,47,22,0,0,18,0,0
dbsa.pw,1682735546,48,21,0,0,18,0,0
dbsinfo.one,1682735725,48,21,0,0,18,0,0
dbswallet.club,1682735708,47,22,0,0,18,0,0
talentgrps.com,1682641220,0,0,0,0,86,0,0
mallfurniture-app.com,1682739737,55,11,0,0,21,0,0
theclub8-hk.shop,1682323376,0,0,0,0,86,0,0
theclubo-hk.shop,1682323381,0,0,0,0,86,0,0
onemotoringe-sg.shop,1682582487,0,0,0,0,86,0,0
poste-us.shop,1682237060,0,0,0,0,86,0,0
dbssafety.top,1682735723,47,22,0,0,18,0,0
beep-7atn2zsg2.shop,1682841796,0,0,0,0,86,0,0
beep-7hdozsg1.shop,1682841867,0,0,0,0,86,0,0
beep-k5fmpsg3.shop,1682841845,0,0,0,0,86,0,0
dbssafety.info,1682739366,47,22,0,0,18,0,0
dbssafety.one,1682735706,47,22,0,0,18,0,0
dbswallet.one,1682735827,47,23,0,0,17,0,0
independentrealestatesg.com,1682693671,64,0,0,0,23,0,0
nexusinsuranceasiapte.com,1671091509,62,0,0,0,25,0,0
mabangerp.xyz,1682755318,0,0,0,0,86,0,0
yyerew.cyou,1682192390,61,5,0,0,21,0,0
baking-internet-ibb.com,1682928204,52,14,0,0,21,0,0
baking-internet-sgib.com,1682928133,59,6,1,0,21,0,0
caterpillarsg.com,1682685794,0,0,0,0,86,0,0
searchdiscs.com,,60,0,0,0,27,0,0
hachi-technical.com,1682841863,0,0,0,0,86,0,0
ioshopee.com,1682841839,64,0,0,0,23,0,0
onemotoring-lta-govet-sg.xyz,1682841829,61,2,2,0,22,0,0
onemotoring-sg.xyz,1682841728,59,3,3,0,22,0,0
onemotoringk-sg.shop,1682992004,0,0,0,0,86,0,0
promotioninternetage.com,1682693603,0,0,0,0,86,0,0
doex.digital,1682483360,66,0,0,0,21,0,0
dbswallet.top,1683239420,48,21,0,0,18,0,0
bumeqii1.info,1683157199,60,4,1,0,22,0,0
dbsbank.me,1683239402,49,19,0,0,19,0,0
e2mall-shopapp.com,1682409790,0,0,0,0,86,0,0
fycbsdgdb.com,1683005743,63,2,0,0,22,0,0
nzto.xyz,1682823951,65,1,0,0,21,0,0
nz-toleroad.xyz,1683261998,63,1,1,0,22,0,0
qogaxii4.info,1683075553,60,4,1,0,22,0,0
sekebyy5.info,1675272860,66,0,0,0,21,0,0
sgeasywealth.org,1681459419,0,0,0,0,86,0,0
fywwk6622.xyz,1681891511,0,0,0,0,86,0,0
fywwk6633.xyz,1681891515,0,0,0,0,86,0,0
uspsling.xyz,1682534394,62,2,2,0,21,0,0
gcppsg23.com,1679731606,0,0,0,0,86,0,0
fywwk6615.xyz,1681891545,0,0,0,0,86,0,0
paylahbank.life,1683241548,50,19,0,0,18,0,0
appsg.life,1683238607,50,19,0,0,18,0,0
appsg.top,1683238628,47,22,0,0,18,0,0
gotpaylah.top,1683239983,48,21,0,0,18,0,0
paylahbank.top,1683237173,48,21,0,0,18,0,0
paymentsdbs.top,1683241593,48,21,0,0,18,0,0
sgbanking.life,1683242173,48,21,0,0,18,0,0
sgbanking.top,1683242191,49,20,0,0,18,0,0
internet-baking-ib-singpr.com,1682928157,56,10,1,0,20,0,0
internet-baking-ib-singpur.com,1682928229,58,7,0,0,22,0,0
huobi-566.com,1683014554,0,0,0,0,86,0,0
chartercom-dghd.pages.dev,1682733602,0,0,0,0,86,0,0
mabangerp.cloud,1682755295,0,0,0,0,86,0,0
mabangerp.top,1682323361,0,0,0,0,86,0,0
chartercom-singapore-assce.pages.dev,1682932748,0,0,0,0,86,0,0
zappz-ranks.com,1682919666,0,0,0,0,86,0,0
mallapp-furniture.com,1682693731,0,0,0,0,86,0,0
letsgodiet.click,1683358266,64,0,1,0,22,0,0
telegraf.cc,1683161740,0,0,0,0,86,0,0
telegramapps.top,1682928186,0,0,0,0,86,0,0
telegramapps.xyz,1682928217,0,0,0,0,86,0,0
teiegam.com,1683014671,0,0,0,0,86,0,0
telegnan.com,1683014631,0,0,0,0,86,0,0
telegram-orgc.net,1683014667,0,0,0,0,86,0,0
telegramapps.cc,1683160444,0,0,0,0,86,0,0
telegramapps.org,1682928131,0,0,0,0,86,0,0
teiegarn.com,1683359096,61,4,0,0,22,0,0
telegnarn.com,1683014589,0,0,0,0,86,0,0
telegram-org.bar,1682928135,0,0,0,0,86,0,0
telegraf.icu,1682928242,0,0,0,0,86,0,0
telegraf.top,1682928131,55,14,0,0,18,0,0
popperasia-reviews.com,1679875657,0,0,0,0,86,0,0
sharptechcompany-enhance.com,1683014536,0,0,0,0,86,0,0
goeateasy.com,1683343215,0,0,0,0,86,0,0
beepmall.shop,1683014565,0,0,0,0,86,0,0
startupsomething.net,1683447480,63,0,1,0,23,0,0
tkmlik.info,1682871082,64,0,0,0,23,0,0
zappz-software.com,1683014701,64,0,0,0,23,0,0
pincircletech.com,1683079000,56,9,2,0,20,0,0
b96495i6.beget.tech,1682577494,65,1,0,0,21,0,0
onemotoring-lta-govet.xyz,1682928226,0,0,0,0,86,0,0
internetbaking-ibsg.com,1683018862,60,5,0,0,22,0,0
dmlallv.top,1679817870,0,0,0,0,86,0,0
internetbaking-ib-sg.com,1683014640,61,6,0,0,20,0,0
newmall-furnitureshop.com,1682961257,0,0,0,0,86,0,0
gofuniture-shopmall.com,1682841795,0,0,0,0,86,0,0
dhllimited.com,1683285562,66,0,0,0,21,0,0
dropship-shopee.vip,1682928231,64,0,0,0,23,0,0
e-lazada.com,1682841800,0,0,0,0,86,0,0
sgp-creativeans-aka.com,1682841773,0,0,0,0,86,0,0
tiktokshoppingcenter.net,1683504344,64,0,1,0,22,0,0
tiktokshopvip.net,1682955376,64,0,1,0,22,0,0
tiktoktoshop.net,1683504344,64,0,1,0,22,0,0
wunderfauks-develop.com,1682928119,0,0,0,0,86,0,0
2brave-elevate.com,1682928126,0,0,0,0,86,0,0
appspage-hachi.com,1682841867,0,0,0,0,86,0,0
blueshift-datatraffic.com,1682841750,0,0,0,0,86,0,0
blueshift-traffic.com,1682841750,0,0,0,0,86,0,0
can-appmaisters.com,1682554800,0,0,0,0,86,0,0
can-seoprofy.com,1682841898,0,0,0,0,86,0,0
dreamin-pro.com,1682841881,0,0,0,0,86,0,0
dreamin-work.com,1682841848,0,0,0,0,86,0,0
nimbleintel.com,1682693590,0,0,0,0,86,0,0
reprise-audit.com,1682841847,0,0,0,0,86,0,0
reprise-uk.com,1682841888,0,0,0,0,86,0,0
rostmedia-senna.com,1682860420,64,1,0,0,22,0,0
squarefrescosolutions-sys.com,1682841734,0,0,0,0,86,0,0
steelkiwi-workbench.com,1683014550,64,0,0,0,23,0,0
dt35846.com,1683202518,66,0,0,0,21,0,0
berry-mall.com,1681924667,65,1,0,0,21,0,0
xxmtkm.info,1682841878,0,0,0,0,86,0,0
internetbakingib.com,1683100933,64,1,1,0,21,0,0
internetbaking-ib.com,1683100982,61,4,0,0,22,0,0
onemotorinegltagov-sg.cc,1683138928,64,2,0,0,21,0,0
dofuniture-htmall.com,1682928150,0,0,0,0,86,0,0
internet-bakingib.com,1683101033,61,5,0,0,21,0,0
eufmyio.shop,1678265247,0,0,0,0,86,0,0
swilkenup.com,1679880717,0,0,0,0,86,0,0
wunderfauks-senna.com,1682928238,0,0,0,0,86,0,0
wunderfauks-signin.com,1683014575,0,0,0,0,86,0,0
beepstore51dl.shop,1683460636,65,1,0,0,21,0,0
nztagoventnz.xyz,1683041286,56,10,1,0,20,0,0
reschedule-track.com,1683137563,57,11,0,0,19,0,0
sgefirniture-hterkap.com,1683100936,0,0,0,0,86,0,0
sgfurniture-dosapen.com,1683100972,64,0,0,0,23,0,0
sgeshop-2mallapp.com,1683101029,64,0,0,0,23,0,0
aupostc.xyz,1682019084,0,0,0,0,86,0,0
chartercom-singapore-project.pages.dev,1682987339,65,1,0,0,21,0,0
dktunvslkjslgj.com,1683014567,0,0,0,0,86,0,0
nzta-govat-nz.xyz,1682873694,63,1,1,0,22,0,0
nztagovntnz.xyz,1683041285,64,1,1,0,21,0,0
p-dro.bio,1681637411,0,0,0,0,86,0,0
mabangerp.plus,1682928133,0,0,0,0,86,0,0
beepmall.app,1683187298,0,0,0,0,86,0,0
nztagovsetnz.xyz,1682979335,55,11,1,0,20,0,0
bvhkrtgxjcv.com,1682841781,0,0,0,0,86,0,0
biishun.shop,1681892327,66,0,0,0,21,0,0
cftgyfdhndt.com,1682841876,0,0,0,0,86,0,0
cryptoin-trade.com,1683519817,0,0,0,0,86,0,0
dgtsdnvsdhgws.com,1683014741,0,0,0,0,86,0,0
espire-home.com,1682841836,0,0,0,0,86,0,0
fy31bb2392.shop,1682693649,0,0,0,0,86,0,0
fywwk26666.xyz,1681891431,0,0,0,0,86,0,0
imgg1228t.xyz,1682064175,0,0,0,0,86,0,0
imgg1265t.xyz,1682064157,0,0,0,0,86,0,0
imgg1278t.xyz,1682064154,0,0,0,0,86,0,0
in2ideas-enhance.com,1682693741,0,0,0,0,86,0,0
krakenbq.cc,1683179931,0,0,0,0,86,0,0
sawe1q.web.app,1683168156,55,13,0,0,19,0,0
shop-e2mallapp.com,1683042045,62,4,0,0,21,0,0
skyonetrades.com,1682841781,0,0,0,0,86,0,0
snreviews.com,1682928179,0,0,0,0,86,0,0
verzdesign-work.com,1682937950,66,0,0,0,21,0,0
vmi1292370.contaboserver.net,1682995973,65,1,0,0,21,0,0
forfurniture-downapp.com,1683055356,61,4,0,0,22,0,0
notchstudio-online.com,1683274017,0,0,0,0,86,0,0
zappz-program.com,1683014628,0,0,0,0,86,0,0
dcsapp.life,1683081255,51,18,0,0,18,0,0
sg-app.top,1683198486,49,20,0,0,18,0,0
sgapp.top,1683198489,48,22,0,0,17,0,0
dcspay.life,1683081238,51,18,0,0,18,0,0
sg-internet-bakingg.com,1683100989,63,2,1,0,21,0,0
thesgpaylah.top,1683081738,51,18,0,0,18,0,0
sg-internet-baking.com,1683100953,62,4,0,0,21,0,0
elephexov.com,1683027461,65,0,0,0,22,0,0
qqcjqff1012.xyz,1680768243,0,0,0,0,86,0,0
ztajhi.cn,1681989511,0,0,0,0,86,0,0
qqcjqxz1023.xyz,1680768198,0,0,0,0,86,0,0
thesgpaylah.life,1683081231,49,20,0,0,18,0,0
apps-g.top,1683081219,51,18,0,0,18,0,0
afeb2bea.com,1681373087,0,0,0,0,86,0,0
drefurni-sgdwxap.com,1683273854,0,0,0,0,86,0,0
fredperrysalesingapore.com,1662459495,66,0,0,0,21,0,0
impact-eu.com,1681891526,0,0,0,0,86,0,0
dbshk.cc,1683167531,54,14,0,0,19,0,0
sg-internet-bakiing.com,1683167519,61,4,1,0,21,0,0
coinupty.co,1681403546,65,0,0,0,22,0,0
forecepts-project.com,1682693596,0,0,0,0,86,0,0
imgg1233t.xyz,1683089586,0,0,0,0,86,0,0
ksldhglslsdjg.com,1683014594,0,0,0,0,86,0,0
unrivaledinsight.com,1683091075,0,0,0,0,86,0,0
42matters-app.com,1682150771,0,0,0,0,86,0,0
impact-bv.com,1683014609,0,0,0,0,86,0,0
mabangerp.club,1682928143,0,0,0,0,86,0,0
ephvv.top,1683081150,54,15,0,0,18,0,0
sdkjggjnvsltujks.com,1683096245,0,0,0,0,86,0,0
bankingpay.top,1683104319,49,20,0,0,18,0,0
sg-internetbaking.com,1683274001,65,1,0,0,21,0,0
7ut37gb.buzz,1683189760,53,14,0,0,20,0,0
sg-internetbaking-ib.com,1683273899,63,3,0,0,21,0,0
telegram.soy,1683345857,53,12,0,0,22,0,0
sportivasingapore.com,1680750861,0,4,0,0,82,0,0
horizon-cash.com,1676966674,0,0,0,0,86,0,0
sg-internetbakingib.com,1683274010,65,0,0,0,22,0,0
dbso.me,1683253994,53,14,0,0,20,0,0
fy31bb3512.xyz,1683492794,65,0,1,0,21,0,0
imgg1239r.xyz,1682064238,0,0,0,0,86,0,0
fy31bb5252.xyz,1682693562,0,0,0,0,86,0,0
fy31bb2392.xyz,1682693711,0,0,0,0,86,0,0
fy31bb2152.xyz,1682693603,0,0,0,0,86,0,0
fy31bb2w66.xyz,1682693633,0,0,0,0,86,0,0
sendo-market.homes,1682928245,0,0,0,0,86,0,0
fy31bb2w31.xyz,1682693648,0,0,0,0,86,0,0
fy31bb2388.xyz,1682693585,0,0,0,0,86,0,0
fy31bb2w12.xyz,1682693633,0,0,0,0,86,0,0
sfurintgd-srmdht.com,1683273923,0,0,0,0,86,0,0
package-singpost-sg.com,1683398464,60,4,2,0,21,0,0
dl03-beepapp.live,1683273929,0,0,0,0,86,0,0
govserver.top,1683248748,61,6,1,0,19,0,0
cryptoinex.com,1683026575,64,0,0,0,23,0,0
onemotorinegltagov-sg.xyz,1683279337,64,1,1,0,21,0,0
pay-lah-1.top,1683273982,47,23,0,0,17,0,0
paidlahone.top,1683273871,48,21,0,0,18,0,1
exerceo.site,1671444940,67,0,0,0,20,0,0
in2stafflog.com,1682693673,0,0,0,0,86,0,0
verzdesign-senna.com,1683014570,0,0,0,0,86,0,0
gl-tg6668.xyz,1683172016,0,0,0,0,86,0,0
impact.qc.com,1683527770,0,0,0,0,86,0,0
sdkltuisdjfsldtj.com,1683014725,0,0,0,0,86,0,0
infx1.xyz,1683187276,0,0,0,0,86,0,0
paylah1.life,1683313699,47,23,0,0,17,0,0
paylahone.life,1683273980,47,22,0,0,18,0,0
gopaylah.life,1683268557,47,22,0,0,18,0,0
2paylah.life,1683268511,48,22,0,0,17,0,0
2paylah.top,1683268476,48,22,0,0,17,0,0
gopaylah.top,1683268559,47,23,0,0,17,0,0
pay-lah-2.top,1683253986,47,23,0,0,17,0,0
paylah-2.life,1683282542,50,20,0,0,17,0,0
angrybacara.shop,1678265261,0,0,0,0,86,0,0
paylahone.top,1683273989,47,23,0,0,17,0,0
paylahtwo.life,1683200464,47,23,0,0,17,0,0
piroxicamfeldene.com,1683285703,67,0,0,0,20,0,0
remotemall-dl01.info,1683360180,0,0,0,0,86,0,0
lalall.top,1683321505,64,0,0,0,23,0,0
te86513.com,1683203094,65,1,0,0,21,0,0
cryptokeppel.com,1683202774,65,0,0,0,22,0,0
fuernse-htshomk.work,1683284977,0,0,0,0,86,0,0
mrevl.top,1683199609,64,0,0,0,23,0,0
pacificinternationallines.site,1683204204,64,0,0,0,23,0,0
miutyy.top,1681113665,0,0,0,0,86,0,0
straitstimes-hot.com,1678867682,0,0,0,0,86,0,0
thestraitstimes-go.com,1682956735,64,0,0,0,23,0,0
thestraitstimes-live.com,1678867676,0,0,0,0,86,0,0
ftxasx.com,1683218126,58,6,1,0,22,0,0
astrferdgaesfcwfcsg.com,1683274021,0,0,0,0,86,0,0
e2mall.world,1681372940,0,0,0,0,86,0,0
futhtshpo-goepn.com,1683360213,0,0,0,0,86,0,0
huobi-568.top,1683273926,65,0,0,0,22,0,0
rsfewtgsdcfwdegtd.com,1683273993,0,0,0,0,86,0,0
sg1dl12-worldstore.shop,1683239687,0,0,0,0,86,0,0
snperform.com,1682928203,0,0,0,0,86,0,0
231935.com,1664417645,57,0,0,0,30,0,0
bitsoft360.cash,1683527667,64,1,0,0,22,0,0
brosch-dowaper.com,1683100978,62,1,1,0,23,0,0
espire-network.com,1682841856,0,0,0,0,86,0,0
fy31bb2w88.xyz,1682693655,0,0,0,0,86,0,0
genix-market.bio,1683307014,65,0,0,0,22,0,0
in2ideasboostere.com,1683014549,0,0,0,0,86,0,0
jpmorgan.vip,1670832275,0,0,0,0,86,0,0
pe-dro.beauty,1683187318,0,0,0,0,86,0,0
redir-moni-tor.xyz,1676000347,63,3,0,0,21,0,0
squarefrescosolutions-eddie.com,1683273800,0,0,0,0,86,0,0
gcppasia2023.com,1681637302,0,0,0,0,86,0,0
au-nexcess-aka.com,1682841793,0,0,0,0,86,0,0
gariu6q.web.app,1683438638,55,13,0,0,19,0,0
pay-lah-3.top,1683340307,50,19,0,0,18,0,0
restparoleties.com,1683403692,65,2,0,0,20,0,0
upptic-uk.com,1683014618,0,0,0,0,86,0,0
whalesventures-reviews.com,1683273938,0,0,0,0,86,0,0
wunderfauks-loginforuser.com,1683273926,0,0,0,0,86,0,0
z1digital-aim.com,1683162668,64,0,0,0,23,0,0
apptimizer-analysis.com,1683274016,0,0,0,0,86,0,0
arc-light.us,,0,0,0,0,86,0,0
chartercom-sglool.pages.dev,1683360428,0,0,0,0,86,0,0
exbolt-mart.life,1677744384,0,0,0,0,86,0,0
hachi-senna.com,1683360199,0,0,0,0,86,0,0
in2ideas-faye.com,1683360158,0,0,0,0,86,0,0
in2ideasstaff.com,1682928150,0,0,0,0,86,0,0
nexconz-home.com,1682928133,0,0,0,0,86,0,0
notchstudio-apps.com,1682841762,0,0,0,0,86,0,0
nxnfnewkd.world,1682064235,0,0,0,0,86,0,0
paidlah3.life,1683340337,48,20,0,0,19,0,0
pay-lah3.top,1683340338,48,21,0,0,18,0,0
paylah3.top,1683340339,48,21,0,0,18,0,0
puzzlehive-reviews.com,1683273880,0,0,0,0,86,0,0
shopclues-marketing.bio,1682928130,0,0,0,0,86,0,0
square-e.homes,1682928227,0,0,0,0,86,0,0
ttkclick.com,1683295374,66,0,0,0,21,0,0
wishbone-great.com,1682841760,0,0,0,0,86,0,0
amplitude-scale.com,1682693517,0,0,0,0,86,0,0
appbooster-reviews.com,1682693531,0,0,0,0,86,0,0
au-simpalm.com,1679472922,0,0,0,0,86,0,0
bdsa-api.com,1682693601,0,0,0,0,86,0,0
bdsabrandsueu.com,1682693599,0,0,0,0,86,0,0
bitsoft360.ws,1683514966,65,0,0,0,22,0,0
chartercom-sgsafe.pages.dev,1682964188,0,0,0,0,86,0,0
holoptychian.xyz,1674375399,52,0,0,0,36,0,0
id-moontechnolabs.com,1680336259,0,0,0,0,86,0,0
ib-internetbakings.com,1683360111,63,3,0,0,21,0,0
onalytica-logical.com,1676368291,0,0,0,0,86,0,0
ib-internetbaking.com,1683376882,61,5,0,0,21,0,0
smalls.fun,1683398568,65,0,0,0,22,0,0
uk-leoburnett.com,1683231008,0,0,0,0,86,0,0
mabangerm.cc,1683553821,0,0,0,0,86,0,0
xzmzd.com,1682064170,0,0,0,0,86,0,0
3paylah.life,1683331289,50,19,0,0,18,0,0
espire-api.com,1682693633,0,0,0,0,86,0,0
hachi-analytic.com,1682693581,0,0,0,0,86,0,0
hachi-hs.com,1682693623,0,0,0,0,86,0,0
hachi-program.com,1682693532,0,0,0,0,86,0,0
hachi-ws.com,1682693517,0,0,0,0,86,0,0
in2brandeoe.com,1682693626,0,0,0,0,86,0,0
in2ideas-audit.com,1682928226,0,0,0,0,86,0,0
in2ideas-work.com,1682693528,0,0,0,0,86,0,0
in2stafflogin.com,1682693745,0,0,0,0,86,0,0
paylahthree.top,1683340326,50,19,0,0,18,0,0
sfurgtuer-dosncm.com,1683274028,0,0,0,0,86,0,0
squarefrescosolutions-grow.com,1682928186,0,0,0,0,86,0,0
squarefrescosolutions-office.com,1682928140,0,0,0,0,86,0,0
squarefrescosolutions-optimal.com,1682693560,0,0,0,0,86,0,0
squarefrescosolutions-ranks.com,1682928126,0,0,0,0,86,0,0
squarefrescosolutions-session.com,1683014657,0,0,0,0,86,0,0
squarefrescosolutions-works.com,1682928132,0,0,0,0,86,0,0
wunderfauks-analyze.com,1682693533,0,0,0,0,86,0,0
wunderfauks-awareness.com,1682693630,0,0,0,0,86,0,0
wunderfauks-market.com,1682693629,0,0,0,0,86,0,0
wunderfauks-publicity.com,1682693592,0,0,0,0,86,0,0
wunderfauks-staff.com,1682928238,0,0,0,0,86,0,0
wunderfauks-value.com,1682693615,0,0,0,0,86,0,0
wunderfauksenhance.com,1682928242,0,0,0,0,86,0,0
au-appetiser.net,1683296223,64,0,0,0,23,0,0
au-litslink.net,1682259452,65,0,0,0,22,0,0
au-rootstrap.net,1682000252,64,0,0,0,23,0,0
hk-glassbox.net,1677312497,0,0,0,0,86,0,0
ie-hatchhouse.net,1678781094,0,0,0,0,86,0,0
ie-netpeak.net,1683321420,64,0,0,0,23,0,0
infinium-app.net,1679990602,0,0,0,0,86,0,0
sgp-creativeans.net,1679731593,0,0,0,0,86,0,0
uk-steelkiwi.net,1681741074,64,0,0,0,23,0,0
uk-wakeapp.net,1668153974,0,0,0,0,86,0,0
apmedia-aim.com,1682928189,0,0,0,0,86,0,0
asda-boost.com,1678446807,0,0,0,0,86,0,0
au-netsells.com,1681982930,65,0,0,0,22,0,0
bdsa-audit.com,1682928204,0,0,0,0,86,0,0
can-datawords.com,1683014725,65,0,0,0,22,0,0
chimera-aim.com,1682928202,0,0,0,0,86,0,0
codigo-ranks.com,1676534789,0,0,0,0,86,0,0
creativeans-senna.com,1682928181,0,0,0,0,86,0,0
creativeraceuk-pro.com,1682928139,0,0,0,0,86,0,0
delitierco-aim.com,1682928192,0,0,0,0,86,0,0
dgmindorg.com,1680212313,0,0,0,0,86,0,0
diabrands-aim.com,1682928205,0,0,0,0,86,0,0
dockerssingapore.com,1683360143,0,0,0,0,86,0,0
dreamin-aka.com,1680166857,67,0,0,0,20,0,0
efficient-ecommerce-softs.com,1677312449,0,0,0,0,86,0,0
espire-sys.com,1682928149,0,0,0,0,86,0,0
espire-work.com,1682693663,0,0,0,0,86,0,0
flippadvertising-boost.com,1682928238,0,0,0,0,86,0,0
flippadvertising-creative.com,1682928193,0,0,0,0,86,0,0
flippadvertising-driven.com,1682990343,64,0,0,0,23,0,0
geekflare-aim.com,1682693757,0,0,0,0,86,0,0
weshop688.vip,1681286678,0,0,0,0,86,0,0
id-onbuy.com,1682952881,64,0,0,0,23,0,0
in2brandeae.com,1682928234,0,0,0,0,86,0,0
lime-agency-aim.com,1682928244,0,0,0,0,86,0,0
matillion-uk.com,1682928209,0,0,0,0,86,0,0
onbuy-int.com,1680154386,0,0,0,0,86,0,0
paylah3.life,1683340337,52,17,0,0,18,0,0
paylahthree.life,1683292997,50,19,0,0,18,0,0
popperasia-overview.com,1679914347,0,0,0,0,86,0,0
protocol-aim.com,1682928240,0,0,0,0,86,0,0
puzzlehive-aim.com,1682928233,0,0,0,0,86,0,0
sgkrevue.com,1679914344,0,0,0,0,86,0,0
sharptech-logical.com,1682928226,0,0,0,0,86,0,0
sharptechcompany-api.com,1682693514,0,0,0,0,86,0,0
sharptechcompany-senna.com,1683014705,0,0,0,0,86,0,0
sidebench-ranks.com,1670313802,0,0,0,0,86,0,0
techup-aim.com,1682928132,0,0,0,0,86,0,0
topnotchdezignshk-ranks.com,1682928236,0,0,0,0,86,0,0
uk-amplitude-aka.com,1682454657,65,0,0,0,22,0,0
uk-ebusiness.com,1681656413,0,0,0,0,86,0,0
uk-field.com,1681322439,65,0,0,0,22,0,0
uk-softacom.com,1676534824,0,0,0,0,86,0,0
ust-aim.com,1682928197,0,0,0,0,86,0,0
verzdesign-analysis.com,1682928155,0,0,0,0,86,0,0
webdesigners-elevate.com,1682928225,0,0,0,0,86,0,0
webo-senna.com,1682693599,0,0,0,0,86,0,0
wishbone-evolve.com,1682928193,0,0,0,0,86,0,0
wishbone-reviews.com,1682693609,0,0,0,0,86,0,0
wordbank-summary.com,1681978560,0,0,0,0,86,0,0
workbench-steelkiwi.com,1682693595,0,0,0,0,86,0,0
shopsg.online,1683333735,57,0,0,0,31,0,0
haotrustcoin.online,1677473981,64,0,1,0,22,0,0
amplifi-boost.com,1683273906,0,0,0,0,86,0,0
onalytica-hk.com,1683273828,0,0,0,0,86,0,0
sg1appdl-worldstore12.shop,1683532990,0,0,0,0,86,0,0
squarefrescosolution-action.com,1683100975,0,0,0,0,86,0,0
wunderfauk-ssenna.com,1683273993,0,0,0,0,86,0,0
wunderfauks-elevate.com,1683100992,0,0,0,0,86,0,0
wunderfauks-log.com,1683014685,0,0,0,0,86,0,0
wunderfauks-reports.com,1683014717,0,0,0,0,86,0,0
wunderfauks-revue.com,1683014644,0,0,0,0,86,0,0
wunderfauks-software.com,1683014629,0,0,0,0,86,0,0
wunderfauksadvance.com,1683014581,0,0,0,0,86,0,0
wunderfauksbrandlogin.com,1683273821,0,0,0,0,86,0,0
wunderfaukslogin.com,1683014708,0,0,0,0,86,0,0
wunderfaukstafflogin.com,1683014661,0,0,0,0,86,0,0
wundermanthompson-examines.com,1683014561,0,0,0,0,86,0,0
wundermanthompson-program.com,1683014699,0,0,0,0,86,0,0
wundermanthompson-summary.com,1683014606,0,0,0,0,86,0,0
vivo-city.online,1683310706,64,0,1,0,22,0,0
zappz-boost.com,1683273925,0,0,0,0,86,0,0
zappz-scale.com,1683273959,0,0,0,0,86,0,0
24kdesign-overview.com,1677830772,0,0,0,0,86,0,0
24kdesign-summaries.com,1677657961,0,0,0,0,86,0,0
24kdesigoverview.com,1677571490,0,0,0,0,86,0,0
apianalyzezer.com,1677830775,0,0,0,0,86,0,0
appdevelopmentportal-seo.com,1683014565,0,0,0,0,86,0,0
appfigures-grow.com,1678265269,0,0,0,0,86,0,0
appfiguresoptimisation.com,1678265264,0,0,0,0,86,0,0
appgrowtzer.com,1677830763,0,0,0,0,86,0,0
appmaisters-can.com,1678265259,0,0,0,0,86,0,0
apprevuezer.com,1683018434,51,14,0,0,22,0,0
apscalezer.com,1677830813,0,0,0,0,86,0,0
asda-grow.com,1678446865,0,0,0,0,86,0,0
aus-ciklum.com,1683555471,65,0,0,0,22,0,0
beetsoft-analyse.com,1678522530,0,0,0,0,86,0,0
beetsoft-elevate.com,1678446843,0,0,0,0,86,0,0
bloomreach-analytic.com,1677571476,0,0,0,0,86,0,0
codigo-apps.com,1677744379,0,0,0,0,86,0,0
codigo-softs.com,1677744413,0,0,0,0,86,0,0
concretio-logical.com,1683014611,0,0,0,0,86,0,0
designbox-drive.com,1677571500,0,0,0,0,86,0,0
designli-uk.com,1678089897,0,0,0,0,86,0,0
designli.org,1678089932,0,0,0,0,86,0,0
ebusiness-grow.com,1678349298,0,0,0,0,86,0,0
ebusiness-uk-apk.com,1678446810,0,0,0,0,86,0,0
finduapp.xyz,1683363085,66,0,0,0,21,0,0
forecepts-aso.com,1683014730,0,0,0,0,86,0,0
forecepts-ranks.com,1683014541,0,0,0,0,86,0,0
gambixi-hk.com,1683273996,0,0,0,0,86,0,0
geeklab-evolve.com,1678265239,0,0,0,0,86,0,0
gravitydata-boost.com,1683014565,0,0,0,0,86,0,0
hk-upwave.com,1679541821,65,0,0,0,23,0,0
ie-digitalscientists.com,1678349300,0,0,0,0,86,0,0
in2ideas-advance.com,1683014571,0,0,0,0,86,0,0
in2ideas-analyze.com,1683014576,0,0,0,0,86,0,0
innotical-uk.com,1677918208,0,0,0,0,86,0,0
innoticalsolutiones.com,1677918240,0,0,0,0,86,0,0
matillion-pre.com,1683014656,0,0,0,0,86,0,0
microfocus-audit.com,1678446794,0,0,0,0,86,0,0
nexconz-advance.com,1683014583,0,0,0,0,86,0,0
nexconz-analysis.com,1683014680,0,0,0,0,86,0,0
notchstudio-evaluate.com,1683273989,0,0,0,0,86,0,0
notchstudio-works.com,1683014680,0,0,0,0,86,0,0
sdrfewsdgfsrcdshs.com,1683273887,0,0,0,0,86,0,0
sgp-innomedia.com,1678265257,0,0,0,0,86,0,0
sgp-popperasia.com,1678265253,0,0,0,0,86,0,0
sgp-webdesksolution.com,1677658002,0,0,0,0,86,0,0
sbyhgt.com,1666049727,62,0,0,0,25,0,0
squarefrescosolutions-summary.com,1683014727,0,0,0,0,86,0,0
squarefrescosolutions-system.com,1683014675,0,0,0,0,86,0,0
topnotch-evolve.com,1678176333,0,0,0,0,86,0,0
uk-designbox-revue.com,1677658006,0,0,0,0,86,0,0
uk-growwwise.com,1677658006,0,0,0,0,86,0,0
uk-pickaso.com,1677830782,0,0,0,0,86,0,0
vsambinfo-seo.com,1678089902,0,0,0,0,86,0,0
vsbfonds.info,1683274014,57,0,0,0,31,0,0
mabangerp.win,1683187275,0,0,0,0,86,0,0
atechnocrathk.com,1677312435,0,0,0,0,86,0,0
aussteelkiwi-grow.com,1677398825,0,0,0,0,86,0,0
designbox-boost.com,1677571488,0,0,0,0,86,0,0
efficient-ecommerce-apps.com,1677312449,0,0,0,0,86,0,0
jrcapitalsolution.com,1683273861,0,0,0,0,86,0,0
popperasia-boost.com,1683014732,0,0,0,0,86,0,0
myswiftcheckout.com,1679041473,0,0,0,0,86,0,0
sdagscvsdggsvs.com,1683273816,0,0,0,0,86,0,0
uk-herodigital-revue.com,1677485194,0,0,0,0,86,0,0
uk-innovaccer.com,1677398872,0,0,0,0,86,0,0
webo-grow.com,1683014643,0,0,0,0,86,0,0
wundermanthompson-drive.com,1677485193,0,0,0,0,86,0,0
asrfewwysfcwsdg.com,1683273911,0,0,0,0,86,0,0
asrfwcwsfsgsdcw.com,1683273877,0,0,0,0,86,0,0
cariuma-singapore.net,1683446563,0,0,0,0,86,0,0
cfytdfnghv.com,1682875013,64,1,0,0,22,0,0
dfyhergbdf.com,1682841838,0,0,0,0,86,0,0
ea-mart.life,1683416094,66,0,0,0,21,0,0
fdsgsgfjdfftdfjtdf.com,1683446623,0,0,0,0,86,0,0
fgyrhgfifts.com,1682841849,0,0,0,0,86,0,0
gl-tg5688.xyz,1683416834,0,0,0,0,86,0,0
hephzibahmkt.com,1683415083,0,0,0,0,86,0,0
nsb751.com,1680249856,62,0,0,0,25,0,0
sdfhfdhfgjfdfh.com,1683446614,0,0,0,0,86,0,0
sdklugdskmfl.com,1683014643,0,0,0,0,86,0,0
smartfinancesg.com,1677830778,0,0,0,0,86,0,0
spacetradeoptionx.com,1683010119,64,0,0,0,23,0,0
tmx001.xyz,1683418237,66,0,0,0,21,0,0
ttrx888.com,1679817817,0,0,0,0,86,0,0
tyllhk.com,1683382535,0,0,0,0,86,0,0
asicssingapore.com,1683360155,61,7,0,0,19,0,0
dbspaysg.info,1683425214,48,19,0,0,20,0,0
bdspaypah.shop,1683532915,50,18,0,0,19,0,0
bdspaypah.top,1683532980,49,20,0,0,18,0,0
cbsbank.top,1683532944,49,20,0,0,18,0,0
online-ssggg.koyeb.app,1683542366,55,11,0,0,21,0,0
ranesh2w.web.app,1683560177,52,17,0,0,18,0,0
wordpress-124931-0.cloudclusters.net,1683473717,59,7,1,0,20,0,0
dbspry1.top,1683532973,48,20,0,0,19,0,0
dbspry2.life,1683532899,49,20,0,0,18,0,0
gregorysingapore.com,1683043329,65,2,0,0,20,0,0
leverjpublic.com,1678792898,65,1,0,0,21,0,0
discoveryshop-dlsg234.shop,1683541082,0,0,0,0,86,0,0
discoveryshop-sg1dl12.shop,1683445919,0,0,0,0,86,0,0
xfeichosho-hotai.com,1683439777,64,1,0,0,22,0,0
dbspry2.top,1683532964,49,20,0,0,18,0,0
al55.top,1683532907,51,18,0,0,18,0,0
companylivephillip1796.com,1681770041,0,0,0,0,86,0,0
dmspry2.info,1683532925,49,20,0,0,18,0,0
masper3-eofep5.com,1683360130,0,0,0,0,86,0,0
meralp3-nacroz1.com,1683446551,0,0,0,0,86,0,0
mybpklew2-alerd3.com,1683446544,0,0,0,0,86,0,0
mspall5-shbure1.com,1683360147,0,0,0,0,86,0,0
mashorp-enpodl.com,1683273959,0,0,0,0,86,0,0
shrmale-l2pkeo.com,1683273905,0,0,0,0,86,0,0
shop-emall.com,1683540800,62,5,0,0,20,0,0
hachi-api.com,1683273884,0,0,0,0,86,0,0
leverjprecise.com,1678265263,0,0,0,0,86,0,0
ib-bakinginterntt.com,1683530555,60,6,0,0,21,0,0
ib-bakinginterrnet.com,1683530621,61,5,0,0,21,0,0
remotestore-download.shop,1683505150,63,0,0,0,24,0,0
furniturecn-mallshop.com,1682928133,0,0,0,0,86,0,0
w360login.com,1683532947,0,0,0,0,86,0,0