ip,country,isp,asn_name,asn_number,asn_netname
1.0.0.1,US,APNIC Research and Development,CLOUDFLARENET,13335,APNIC-LABS
1.237.15.91,KR,SK Broadband Co Ltd,SKB-AS,9318,SK Broadband Co Ltd
10.0.0.138,ZZ,,,,PRIVATE-ADDRESS-ABLK-RFC1918-IANA-RESERVED
101.32.104.41,SG,Shenzhen Tencent Computer Systems Company Limited,TENCENT-NET-AP-CN,132203,ACEVILLEPTELTD-SG
101.32.133.53,SG,Shenzhen Tencent Computer Systems Company Limited,TENCENT-NET-AP-CN,132203,ACEVILLEPTELTD-SG
101.32.169.145,SG,Shenzhen Tencent Computer Systems Company Limited,TENCENT-NET-AP-CN,132203,ACEVILLEPTELTD-SG
101.32.178.31,HK,Shenzhen Tencent Computer Systems Company Limited,TENCENT-NET-AP-CN,132203,ACEVILLEPTELTD-SG
101.32.225.196,TH,Shenzhen Tencent Computer Systems Company Limited,TENCENT-NET-AP-CN,132203,ACEVILLEPTELTD-SG
103.145.13.97,FI,ABC Consultancy,SQUITTER-NETWORKS,213371,PEENQ-NL-02
103.178.232.12,VN,Viet Digital Technology Liability Company,DVS-AS-VN,135918,PHUONGTRAN-VN
103.211.230.18,SG,Aofei Data International Company Limited,AOFEI-HK,135391,AOFEI-SG
103.224.182.246,US,Trellian Pty. Limited,TRELLIAN-AS-AP,133618,TRELLIAN-AU
103.224.182.250,US,Trellian Pty. Limited,TRELLIAN-AS-AP,133618,TRELLIAN-AU
103.224.182.253,US,Trellian Pty. Limited,TRELLIAN-AS-AP,133618,TRELLIAN-AU
103.224.212.219,US,TRELLIAN,TRELLIAN-AS-AP,133618,TRELLIAN-AU
103.224.212.222,US,TRELLIAN,TRELLIAN-AS-AP,133618,TRELLIAN-AU
103.31.232.194,ID,PT. Usaha Adisanggoro,ASNET-AS-ID,55701,AS-NET-ID
104.149.135.6,US,Psychz Networks,AS40676,40676,PSYCHZ-NETWORKS
104.160.25.75,US,Inter Connects Inc,AS-46805,46805,us
104.166.188.242,NL,Zenlayer Inc,,,US-ZENLAYER-20140814
104.17.107.108,US,American Registry Internet Numbers,CLOUDFLARENET,13335,CLOUDFLARENET
104.17.108.108,US,American Registry Internet Numbers,CLOUDFLARENET,13335,CLOUDFLARENET
104.192.3.74,US,DataWagon LLC,DATAWAGON,27176,NET-104-192-0-0-1
104.238.198.186,US,United Technology Services Group Inc.,UTSG-30139,30139,UTSG
104.238.220.110,US,ReliableSite.Net LLC,RELIABLESITE,23470,104-238-220-100-32
104.238.221.190,US,ReliableSite.Net LLC,RELIABLESITE,23470,104-238-221-173-32
104.254.90.34,CA,Amanah Tech Inc.,,,AMANAH-BLOCK6
104.254.90.58,CA,Amanah Tech Inc.,,,AMANAH-BLOCK6
104.69.38.163,SG,"Akamai Technologies, Inc.",AKAMAI-ASN1,20940,AIBV
104.85.66.81,HK,"Akamai Technologies, Inc.",AKAMAI-AS,16625,AIBV
105.21.41.70,KE,SEACOM Limited,SEACOM-AS,37100,SEACOM-ASSIGNMENTS-CUSTOMERS
106.10.186.200,SG,Yahoo! SG3,YAHOO-SG3,56173,SG3
106.10.186.201,SG,Yahoo! SG3,YAHOO-SG3,56173,SG3
106.14.162.152,CN,Alibaba Cloud,ALIBABA-CN-NET,45102,ALISOFT
107.150.14.110,US,QuadraNet Enterprises LLC,PACIFICRACK,64270,QUADRANET-CUSTOMER
107.152.127.9,US,"Alaska Communications Systems Group, Inc.",ALSK-7782,7782,ACSG-1-NET-8
107.181.189.36,CA,Performive LLC,PERFORMIVE,46562,HOSTINGSERVICES
107.189.4.83,LU,FranTech Solutions,PONYNET,53667,BUYVM-LUXEMBOURG-02
108.62.202.227,US,"Leaseweb USA, Inc.",LEASEWEB-USA-CHI,27411,WINDSCRIBE-NET-74
109.104.40.204,DE,HL komm Telekommunikations GmbH,HLKOMM,16097,HL-AN
109.104.46.99,DE,HL komm Telekommunikations GmbH,HLKOMM,16097,HL-AN
109.104.50.198,DE,HL komm Telekommunikations GmbH,HLKOMM,16097,HL-AN
109.201.152.161,NL,NForce Entertainment B.V.,NFORCE,43350,NFORCE_ENTERTAINMENT
109.201.152.162,NL,NForce Entertainment B.V.,NFORCE,43350,NFORCE_ENTERTAINMENT
109.201.152.163,NL,NForce Entertainment B.V.,NFORCE,43350,NFORCE_ENTERTAINMENT
109.201.152.164,NL,NForce Entertainment B.V.,NFORCE,43350,NFORCE_ENTERTAINMENT
109.201.152.165,NL,NForce Entertainment B.V.,NFORCE,43350,NFORCE_ENTERTAINMENT
109.201.152.166,NL,NForce Entertainment B.V.,NFORCE,43350,NFORCE_ENTERTAINMENT
109.201.152.167,NL,NForce Entertainment B.V.,NFORCE,43350,NFORCE_ENTERTAINMENT
109.201.152.168,NL,NForce Entertainment B.V.,NFORCE,43350,NFORCE_ENTERTAINMENT
109.201.152.169,NL,NForce Entertainment B.V.,NFORCE,43350,NFORCE_ENTERTAINMENT
109.201.152.171,NL,NForce Entertainment B.V.,NFORCE,43350,NFORCE_ENTERTAINMENT
109.201.152.172,NL,NForce Entertainment B.V.,NFORCE,43350,NFORCE_ENTERTAINMENT
109.201.152.174,NL,NForce Entertainment B.V.,NFORCE,43350,NFORCE_ENTERTAINMENT
109.201.152.175,NL,NForce Entertainment B.V.,NFORCE,43350,NFORCE_ENTERTAINMENT
109.201.152.177,NL,NForce Entertainment B.V.,NFORCE,43350,NFORCE_ENTERTAINMENT
109.201.152.178,NL,NForce Entertainment B.V.,NFORCE,43350,NFORCE_ENTERTAINMENT
111.223.64.89,SG,Starhub Internet Pte Ltd,STARHUB-INTERNET,4657,STARHUBINTERNET-SG
113.219.239.139,CN,China Telecom,CHINANET-BACKBONE,4134,CHINANET-HN
116.31.233.207,CN,Chinanet,CHINANET-BACKBONE,4134,heqiufeng
119.147.13.93,CN,China Telecom,CHINANET-BACKBONE,4134,shenzhen12012
119.28.121.215,SG,"Tencent Cloud Computing (Beijing) Co., Ltd",TENCENT-NET-AP-CN,132203,TencentCloud
119.28.55.240,HK,"Tencent Cloud Computing (Beijing) Co., Ltd",TENCENT-NET-AP-CN,132203,ACEVILLEPTELTD-SG
119.29.29.98,CN,Shenzhen Tencent Computer Systems Company Limited,TENCENT-NET-AP-CN,132203,ACEVILLEPTELTD-SG
119.36.113.143,CN,CNC Group CHINA169 Hubei Province Network,CHINA169-Backbone,4837,tengma-network
120.24.237.226,CN,Hangzhou Alibaba Advertising Co,ALIBABA-CN-NET,45102,ALISOFT
120.53.107.87,CN,Shenzhen Tencent Computer Systems Company Limited,TENCENT-NET-AP,45090,Voda
125.212.133.145,VN,Viettel Corporation,VIETEL-AS-AP,7552,VIETTEL-VN
128.138.140.44,US,University of Colorado at Boulder,COLORADO-AS,104,COLORADO
128.199.243.248,SG,"DigitalOcean, LLC",,,DigitalOcean
129.150.48.1,SG,Oracle Corporation,,,RESPONSYS-1
129.226.3.47,SG,Tencent Cloud Computing (Beijing) Co,TENCENT-NET-AP-CN,132203,ACEVILLEPTELTD-SG
129.6.15.28,US,US National Institute of Standards & Technology,,,NIST-G
129.6.15.29,US,US National Institute of Standards & Technology,,,NIST-G
13.114.205.93,JP,"Amazon.com, Inc.",AMAZON-02,16509,AWS-CA-MOBILE
13.248.148.254,US,"Amazon.com, Inc.",AMAZON-02,16509,AWS-BYOIP
13.248.169.48,US,"Amazon.com, Inc.",AMAZON-02,16509,AWS-BYOIP
13.250.187.31,SG,"Amazon.com, Inc.",AMAZON-02,16509,AWS-CENTRIFY
13.251.144.19,SG,"Amazon.com, Inc.",AMAZON-02,16509,AWS-AOL
13.251.71.45,SG,"Amazon.com, Inc.",AMAZON-02,16509,AWS-EDISONJUNIOR
13.35.23.156,SG,"Amazon.com, Inc.",,,AMAZO-CF
13.58.27.33,US,Amazon Technologies Inc. (EC2),AMAZON-02,16509,AWS-AG-MEDNET
13.76.153.29,SG,Microsoft Corporation,,,MSFT
13.88.181.35,US,Microsoft Corporation,,,MSFT
130.239.18.158,SE,Umea University,SUNET-UMU,2833,UMUNET
130.61.221.114,DE,Oracle Corporation,,,OOC-195
135.181.210.22,FI,Hetzner Online GmbH,HETZNER-AS,24940,HOS-805795
136.243.151.244,DE,Hetzner Online GmbH,HETZNER-AS,24940,HETZNER-fsn1-dc8
136.243.56.220,DE,Hetzner Online GmbH,HETZNER-AS,24940,HETZNER-fsn1-dc12
136.243.96.42,DE,Hetzner Online GmbH,HETZNER-AS,24940,HETZNER-fsn1-dc8
138.121.122.201,BR,Smart Solucoes em Telecomunicacoes,Smart Solucoes em Telecomunicacoes,264293,PAULO SERGIO CARDOSO DE ABREU
138.199.60.166,SG,Datacamp Limited,CDNEXT,212238,CDNEXT-SGP
139.162.168.10,DE,"Akamai Technologies, Inc.",AKAMAI-LINODE-AP,63949,LINODE-AP
139.162.190.235,DE,"Akamai Technologies, Inc.",AKAMAI-LINODE-AP,63949,LINODE-AP
139.180.218.132,SG,"The Constant Company, LLC",AS-CHOOPA,20473,SGP_VULTR_CUST
139.99.45.37,SG,OVH SAS,OVH,16276,VPS-SGP
140.228.24.223,CA,Cogent Communications,ASDETUK,61317,HEFICED-140-228-23-0-24
142.215.164.101,US,"Equinix, Inc.",,,EQUINIX
142.215.164.102,US,"Equinix, Inc.",,,EQUINIX
142.215.164.103,US,"Equinix, Inc.",,,EQUINIX
142.215.164.104,US,"Equinix, Inc.",,,EQUINIX
142.215.164.105,US,"Equinix, Inc.",,,EQUINIX
142.215.164.106,US,"Equinix, Inc.",,,EQUINIX
142.215.164.107,US,"Equinix, Inc.",,,EQUINIX
142.215.164.108,US,"Equinix, Inc.",,,EQUINIX
142.215.164.109,US,"Equinix, Inc.",,,EQUINIX
142.215.164.110,US,"Equinix, Inc.",,,EQUINIX
142.215.164.99,US,"Equinix, Inc.",,,EQUINIX
142.250.4.103,US,Google LLC,GOOGLE,15169,GOOGLE
142.250.4.104,US,Google LLC,GOOGLE,15169,GOOGLE
142.250.4.105,US,Google LLC,GOOGLE,15169,GOOGLE
142.250.4.106,US,Google LLC,GOOGLE,15169,GOOGLE
142.250.4.139,US,Google LLC,GOOGLE,15169,GOOGLE
142.250.4.99,US,Google LLC,GOOGLE,15169,GOOGLE
142.251.10.103,SG,Google LLC,GOOGLE,15169,GOOGLE
142.251.10.104,SG,Google LLC,GOOGLE,15169,GOOGLE
142.251.10.105,SG,Google LLC,GOOGLE,15169,GOOGLE
142.251.10.106,SG,Google LLC,GOOGLE,15169,GOOGLE
142.251.10.147,SG,Google LLC,GOOGLE,15169,GOOGLE
142.251.10.99,SG,Google LLC,GOOGLE,15169,GOOGLE
142.251.12.103,SG,Google LLC,GOOGLE,15169,GOOGLE
142.251.12.104,SG,Google LLC,GOOGLE,15169,GOOGLE
142.251.12.106,SG,Google LLC,GOOGLE,15169,GOOGLE
142.251.12.113,SG,Google LLC,GOOGLE,15169,GOOGLE
142.251.12.147,SG,Google LLC,GOOGLE,15169,GOOGLE
142.251.12.99,SG,Google LLC,GOOGLE,15169,GOOGLE
144.126.242.176,SG,"DigitalOcean, LLC",,,DIGITALOCEAN-144-126-192-0
144.172.118.36,US,Data Ideas llc,DATAIDEAS-LLC,398355,DATA-IDEAS-LLC
144.217.86.109,CA,OVH SAS,OVH,16276,OVH-VPS-144-217-84
144.76.118.107,DE,Hetzner Online GmbH,HETZNER-AS,24940,HETZNER-fsn1-dc10
144.91.111.37,DE,Contabo GmbH,,,CONTABO
146.19.24.245,PL,Digicron,Mevspace,201814,PL-DIGICRON-20211111
146.19.24.47,PL,Digicron,Mevspace,201814,PL-DIGICRON-20211111
146.59.233.33,FR,OVH SAS,OVH,16276,VPS-GRA8
146.70.112.142,CA,M247 Europe SRL,M247,9009,M247-LTD-Quebec
146.70.137.106,CA,M247 Europe SRL,M247,9009,M247-Toronto
146.70.137.122,CA,M247 Europe SRL,M247,9009,M247-Toronto
146.70.137.146,CA,M247 Europe SRL,M247,9009,M247-Toronto
146.70.137.210,CA,M247 Europe SRL,M247,9009,M247-Toronto
146.70.27.218,CA,M247 Europe SRL,M247,9009,M247-LTD-Quebec
146.70.27.250,CA,M247 Europe SRL,M247,9009,M247-LTD-Quebec
146.70.50.74,US,M247 Europe SRL,M247,9009,M247-DALLAS
147.182.132.199,US,"DigitalOcean, LLC",,,DIGITALOCEAN-147-182-128-0
147.182.194.121,US,"DigitalOcean, LLC",,,DIGITALOCEAN-147-182-128-0
149.36.49.148,CA,Datacamp Limited,CDNEXT,212238,CDNEXT-TOR-CG
149.36.49.174,CA,Datacamp Limited,CDNEXT,212238,CDNEXT-TOR-CG
149.57.29.174,US,Datacamp Limited,WINDSCRIBE,397540,WINDSCRIBE
150.109.161.188,TH,Tencent,TENCENT-NET-AP-CN,132203,ACEVILLEPTELTD-SG
150.109.91.98,SG,Shenzhen Tencent Computer Systems Company Limited,TENCENT-NET-AP-CN,132203,ACEVILLEPTELTD-SG
154.6.85.22,US,Performive LLC,,,RACKDOG
154.6.90.13,US,Performive LLC,,,RACKDOG
154.6.91.13,US,Performive LLC,,,RACKDOG
156.146.62.203,CH,Datacamp Limited,CDNEXT,212238,CDNEXT-ZUR
157.240.11.51,US,"Facebook, Inc.",,,THEFA-3
157.240.13.14,SG,"Facebook, Inc.",,,THEFA-3
157.240.15.1,SG,"Facebook, Inc.",,,THEFA-3
157.240.235.15,SG,"Facebook, Inc.",,,THEFA-3
157.240.7.20,SG,"Facebook, Inc.",,,THEFA-3
159.100.4.212,DE,diva-e Datacenters GmbH,DE-FIRSTCOLO,44066,DE-FIRSTCOLO
159.138.235.168,TH,HUAWEI INTERNATIONAL PTE. LTD.,HWCLOUDS-AS-AP,136907,Huawei-TH-CLOUDS
159.223.107.179,US,"DigitalOcean, LLC",,,DO-13
162.125.248.1,US,"Dropbox, Inc.",DROPBOX,19679,DROPB
162.125.81.18,SG,"Dropbox, Inc.",DROPBOX,19679,DROPB
162.219.176.163,CA,Amanah Tech Inc.,,,AMANAH
162.253.131.106,CA,Amanah Tech Inc.,AMANAHA-NEW,32489,PRIVAX-LIMITED
162.255.87.71,US,IONOS SE,IONOS-AS,8560,1AND1-HOSTING
162.55.243.114,DE,Hetzner Online GmbH,HETZNER-AS,24940,HOS-394455
162.62.163.63,SG,Tencent Cloud Computing (Beijing) Co,TENCENT-NET-AP-CN,132203,ACEVILLEPTELTD-SG
162.62.163.84,SG,Tencent Cloud Computing (Beijing) Co,TENCENT-NET-AP-CN,132203,ACEVILLEPTELTD-SG
163.172.150.238,FR,ONLINE S.A.S.,AS12876,12876,SCALEWAY-DEDIBOX
163.172.29.130,FR,ONLINE S.A.S.,AS12876,12876,SCALEWAY-DEDIBOX
163.181.42.227,SG,"Zhejiang Taobao Network Co., Ltd",,,AL-3
164.152.167.196,SG,Leaseweb Asia Pacific pte. ltd.,LEASEWEB-APAC-SIN-11,59253,M365GROUPLLC-AP
165.231.210.163,US,FIBERGRID,FIBERGRID,37518,FIBERSA
165.231.210.171,US,FIBERGRID,FIBERGRID,37518,FIBERSA
167.160.88.250,US,Dedicated.com,DEDICATED,63018,NET-167-160-88-32-28
167.160.91.10,US,Dedicated.com,DEDICATED,63018,167-160-89-8-29-1
167.172.70.21,SG,"DigitalOcean, LLC",,,DigitalOcean
167.71.195.165,SG,"DigitalOcean, LLC",,,DIGITALOCEAN-167-71-0-0
167.86.70.11,DE,Contabo GmbH,CONTABO,51167,CONTABO
167.86.70.12,DE,Contabo GmbH,CONTABO,51167,CONTABO
167.86.70.14,DE,Contabo GmbH,CONTABO,51167,CONTABO
167.86.70.15,DE,Contabo GmbH,CONTABO,51167,CONTABO
167.86.70.16,DE,Contabo GmbH,CONTABO,51167,CONTABO
167.86.70.17,DE,Contabo GmbH,CONTABO,51167,CONTABO
167.86.70.18,DE,Contabo GmbH,CONTABO,51167,CONTABO
167.86.70.19,DE,Contabo GmbH,CONTABO,51167,CONTABO
167.86.70.20,DE,Contabo GmbH,CONTABO,51167,CONTABO
167.86.70.21,DE,Contabo GmbH,CONTABO,51167,CONTABO
167.86.70.22,DE,Contabo GmbH,CONTABO,51167,CONTABO
167.86.70.23,DE,Contabo GmbH,CONTABO,51167,CONTABO
167.86.70.24,DE,Contabo GmbH,CONTABO,51167,CONTABO
167.86.70.25,DE,Contabo GmbH,CONTABO,51167,CONTABO
167.86.70.26,DE,Contabo GmbH,CONTABO,51167,CONTABO
17.253.118.201,SG,Apple Inc.,APPLE-ENGINEERING,714,APPLE-WWNET
17.57.145.134,US,Apple Inc.,APPLE-ENGINEERING,714,APPLE-WWNET
170.51.110.69,AR,Techtel LMDS Comunicaciones Interactivas S.A.,AMX Argentina S.A.,19037,AMX Argentina S.A.
172.104.203.186,DE,Akamai Technologies,,,LINODE
172.104.229.158,DE,Akamai Technologies,,,LINODE
172.104.34.44,SG,Akamai Technologies,,,LINODE
172.17.0.1,ZZ,,,,PRIVATE-ADDRESS-BBLK-RFC1918-IANA-RESERVED
172.17.0.231,ZZ,,,,PRIVATE-ADDRESS-BBLK-RFC1918-IANA-RESERVED
172.17.0.232,ZZ,,,,PRIVATE-ADDRESS-BBLK-RFC1918-IANA-RESERVED
172.217.194.103,US,Google LLC,GOOGLE,15169,GOOGLE
172.217.194.104,US,Google LLC,GOOGLE,15169,GOOGLE
172.217.194.105,US,Google LLC,GOOGLE,15169,GOOGLE
172.217.194.106,US,Google LLC,GOOGLE,15169,GOOGLE
172.217.194.147,US,Google LLC,GOOGLE,15169,GOOGLE
172.217.194.99,US,Google LLC,GOOGLE,15169,GOOGLE
172.245.110.145,US,ColoCrossing,AS-COLOCROSSING,36352,CC-172-245-110-0-24
172.253.118.103,SG,Google LLC,GOOGLE,15169,GOOGLE
172.253.118.104,SG,Google LLC,GOOGLE,15169,GOOGLE
172.253.118.105,SG,Google LLC,GOOGLE,15169,GOOGLE
172.253.118.106,SG,Google LLC,GOOGLE,15169,GOOGLE
172.253.118.147,SG,Google LLC,GOOGLE,15169,GOOGLE
172.253.118.99,SG,Google LLC,GOOGLE,15169,GOOGLE
173.212.202.248,DE,Contabo GmbH,CONTABO,51167,CONTABO
173.212.205.4,DE,Contabo GmbH,CONTABO,51167,CONTABO
173.212.239.201,DE,Contabo GmbH,CONTABO,51167,CONTABO
173.239.232.19,US,Performive LLC,PERFORMIVE,46562,PRIVATEINTERNETACCESS
173.249.19.73,DE,Contabo GmbH,CONTABO,51167,CONTABO
173.249.33.72,DE,Contabo GmbH,CONTABO,51167,CONTABO
173.249.35.40,DE,Contabo GmbH,CONTABO,51167,CONTABO
173.249.4.73,DE,Contabo GmbH,CONTABO,51167,CONTABO
173.249.44.159,DE,Contabo GmbH,CONTABO,51167,CONTABO
173.249.44.161,DE,Contabo GmbH,CONTABO,51167,CONTABO
173.249.44.162,DE,Contabo GmbH,CONTABO,51167,CONTABO
173.249.44.163,DE,Contabo GmbH,CONTABO,51167,CONTABO
173.249.44.164,DE,Contabo GmbH,CONTABO,51167,CONTABO
173.249.44.165,DE,Contabo GmbH,CONTABO,51167,CONTABO
173.249.44.166,DE,Contabo GmbH,CONTABO,51167,CONTABO
173.249.44.180,DE,Contabo GmbH,CONTABO,51167,CONTABO
173.249.44.182,DE,Contabo GmbH,CONTABO,51167,CONTABO
173.249.44.183,DE,Contabo GmbH,CONTABO,51167,CONTABO
173.249.44.184,DE,Contabo GmbH,CONTABO,51167,CONTABO
173.249.44.185,DE,Contabo GmbH,CONTABO,51167,CONTABO
173.249.44.186,DE,Contabo GmbH,CONTABO,51167,CONTABO
173.249.44.188,DE,Contabo GmbH,CONTABO,51167,CONTABO
173.249.44.189,DE,Contabo GmbH,CONTABO,51167,CONTABO
173.82.226.176,US,Multacom Corporation,MULTA-ASN1,35916,CLOUDCONE
175.41.164.184,SG,Amazon Technologies Inc. (EC2),AMAZON-AS-AP,38895,AMAZON-AP-RESOURCES-SG
176.113.74.130,CA,M247 Europe SRL,M247,9009,M247-LTD-Quebec
176.113.74.138,CA,M247 Europe SRL,M247,9009,M247-LTD-Quebec
176.113.74.74,CA,M247 Europe SRL,M247,9009,M247-LTD-Quebec
176.123.4.41,RO,Alexhost SRL,,,AlexHost-NET
176.123.4.91,RO,Alexhost SRL,,,AlexHost-NET
176.31.183.98,FR,OVH SAS,OVH,16276,OVH
178.170.48.154,FR,Ikoula Net SAS,IKOULA,21409,IKOULA
178.210.89.119,RU,JSC RU-CENTER,RU-CENTER,48287,RU-CENTER-HOSTING
179.43.151.97,PA,Private Layer INC,PLI-AS,51852,Nix Web Solutions Pvt Ltd
179.43.168.202,PA,Private Layer INC,PLI-AS,51852,Legendary Tech Enterprises S.A.
179.61.197.179,CA,Cogent Communications,COGENT-174,174,Camron Haider
179.61.240.107,NZ,Servers Australia Pty. Ltd,AS45671-NET-AU,45671,Digital Energy Technologies Chile SpA
18.136.247.139,SG,Amazon Technologies Inc. (EC2),AMAZON-02,16509,AWS--CENTURION
18.140.172.93,SG,Amazon Technologies Inc. (EC2),AMAZON-02,16509,AWS-COUPA
18.141.69.150,SG,Amazon Technologies Inc. (EC2),AMAZON-02,16509,AWS-COUPA
18.142.79.47,SG,Amazon Technologies Inc. (EC2),AMAZON-02,16509,AMAZON-SIN
18.188.31.0,US,Amazon Technologies Inc. (EC2),AMAZON-02,16509,AWS-TRENDMICRO
18.190.61.127,US,Amazon Technologies Inc. (EC2),AMAZON-02,16509,AWS-OKTA
18.191.2.28,US,Amazon Technologies Inc. (EC2),AMAZON-02,16509,AWS-OKTA
18.196.86.103,DE,Amazon Technologies Inc. (EC2),AMAZON-02,16509,AMAZO-ZFRA
18.209.201.158,US,Amazon Technologies Inc. (EC2),AMAZON-AES,14618,AWS-UNIONHOMEMORTGAGE
18.218.241.3,US,Amazon Technologies Inc. (EC2),AMAZON-02,16509,AWS-INTUIT
18.220.82.190,US,Amazon Technologies Inc. (EC2),AMAZON-02,16509,AWS-VEEVA
18.221.7.72,US,Amazon Technologies Inc. (EC2),AMAZON-02,16509,AWS-VEEVA
18.223.137.220,US,Amazon Technologies Inc. (EC2),AMAZON-02,16509,AWS-CINEMOOD
180.76.76.112,CN,"Beijing Baidu Netcom Science and Technology Co., Ltd.",Baidu,55967,Baidu
181.13.218.29,AR,Telecom Argentina S.A,LACNIC-7303,7303,Telecom Business
181.214.153.91,CA,Cogent Communications,COGENT-174,174,IPXO
181.214.41.99,US,NextArray LLC.,NEXTARRAY-ASN-01,33696,IPXO
181.215.179.99,US,Datacamp Limited,CDNEXT,212238,IPXO
182.254.116.116,CN,Shenzhen Tencent Computer Systems Company Limited,TENCENT-NET-AP,45090,TENCENT-NET-AP
184.105.151.164,US,Hurricane Electric LLC,HURRICANE,6939,HURRICANE-DC3831-3C60958D
184.72.202.243,US,Amazon Technologies Inc. (EC2),AMAZON-AES,14618,AMAZON-IAD
184.75.213.154,CA,Amanah Tech Inc.,AMANAHA-NEW,32489,WINDSCRIBE-LIMITED
184.75.213.194,CA,Amanah Tech Inc.,AMANAHA-NEW,32489,WINDSCRIBE-LIMITED
184.75.214.50,CA,Amanah Tech Inc.,AMANAHA-NEW,32489,WINDSCRIBE-LIMITED
184.75.215.26,CA,Amanah Tech Inc.,AMANAHA-NEW,32489,PRIVAX-LIMITED
184.75.215.74,CA,Amanah Tech Inc.,AMANAHA-NEW,32489,PRIVAX-LIMITED
185.132.179.66,NL,WorldStream B.V.,WorldStream,49981,WORLDSTREAM
185.144.83.11,RO,M247RO,M247,9009,RO-M247RO
185.144.83.13,RO,M247RO,M247,9009,RO-M247RO
185.148.3.231,FI,Magna Capax Finland Oy,magna-capax,203003,nucode
185.16.39.194,PL,MEVSPACE sp. z o.o.,Mevspace,201814,MEVSPACE
185.16.39.225,PL,MEVSPACE sp. z o.o.,Mevspace,201814,MEVSPACE
185.16.39.228,PL,MEVSPACE sp. z o.o.,Mevspace,201814,MEVSPACE
185.16.39.229,PL,MEVSPACE sp. z o.o.,Mevspace,201814,MEVSPACE
185.213.175.87,NL,NextGenWebs,NextGenWebs-NL,41608,NextGenWebs-NL
185.215.167.199,DE,Contabo GmbH,CONTABO,51167,TT-2021120410
185.216.176.180,AT,netcup GmbH,netcup-AS,197540,NETCUP-NETWORK-185-216-176-23
185.220.100.240,DE,F3 Netze e.V.,F3NETZE,205100,TOR-EXIT
185.220.100.241,DE,F3 Netze e.V.,F3NETZE,205100,TOR-EXIT
185.220.100.242,DE,F3 Netze e.V.,F3NETZE,205100,TOR-EXIT
185.220.100.243,DE,F3 Netze e.V.,F3NETZE,205100,TOR-EXIT
185.220.100.246,DE,F3 Netze e.V.,F3NETZE,205100,TOR-EXIT
185.220.100.248,DE,F3 Netze e.V.,F3NETZE,205100,TOR-EXIT
185.220.100.249,DE,F3 Netze e.V.,F3NETZE,205100,TOR-EXIT
185.220.100.250,DE,F3 Netze e.V.,F3NETZE,205100,TOR-EXIT
185.220.100.251,DE,F3 Netze e.V.,F3NETZE,205100,TOR-EXIT
185.220.100.252,DE,F3 Netze e.V.,F3NETZE,205100,TOR-EXIT
185.220.100.253,DE,F3 Netze e.V.,F3NETZE,205100,TOR-EXIT
185.220.100.254,DE,F3 Netze e.V.,F3NETZE,205100,TOR-EXIT
185.220.100.255,DE,F3 Netze e.V.,F3NETZE,205100,TOR-EXIT
185.220.101.141,DE,Zwiebelfreunde e.V.,ZWIEBELFREUNDE,60729,RELAYON
185.220.101.32,DE,Zwiebelfreunde e.V.,ZWIEBELFREUNDE,60729,TOR-EXIT
185.220.101.33,DE,Zwiebelfreunde e.V.,ZWIEBELFREUNDE,60729,TOR-EXIT
185.220.101.34,DE,Zwiebelfreunde e.V.,ZWIEBELFREUNDE,60729,TOR-EXIT
185.220.101.35,DE,Zwiebelfreunde e.V.,ZWIEBELFREUNDE,60729,TOR-EXIT
185.220.101.37,DE,Zwiebelfreunde e.V.,ZWIEBELFREUNDE,60729,TOR-EXIT
185.220.101.39,DE,Zwiebelfreunde e.V.,ZWIEBELFREUNDE,60729,TOR-EXIT
185.220.101.40,DE,Zwiebelfreunde e.V.,ZWIEBELFREUNDE,60729,TOR-EXIT
185.220.101.44,DE,Zwiebelfreunde e.V.,ZWIEBELFREUNDE,60729,TOR-EXIT
185.220.101.52,DE,Zwiebelfreunde e.V.,ZWIEBELFREUNDE,60729,TOR-EXIT
185.230.4.150,BG,VIPNET PRIM Ltd,VIPNET,45007,VIPNET-PK1
185.246.188.74,NL,Flokinet Ltd,FlokiNET,200651,FlokiNET-Netherlands
185.246.209.151,US,Datacamp Limited,CDN77,60068,CDN77-CHICAGO-II
185.253.161.186,US,M247 Europe SRL,M247,9009,M247-LOS-ANGELES
185.53.177.53,DE,Team Internet AG,TEAMINTERNET-AS,61969,DC-Germany
185.53.178.50,DE,Team Internet AG,TEAMINTERNET-AS,61969,DC-Germany
185.53.178.54,DE,Team Internet AG,TEAMINTERNET-AS,61969,DC-Germany
185.56.83.83,CH,Datashield,DATASHIELD_CH,211720,SC-DATASHIELD-02272021
188.42.147.139,SG,SERVERS-COM-SIN,,,SERVERS-COM-SIN1
191.96.150.107,US,Cogent Communications,COGENT-174,174,IPXO
191.96.150.33,US,Cogent Communications,COGENT-174,174,IPXO
191.96.36.254,CA,Cogent Communications,ASDETUK,61317,IPXO
192.168.0.1,US,,,,PRIVATE-ADDRESS-CBLK-RFC1918-IANA-RESERVED
192.168.1.1,US,,,,PRIVATE-ADDRESS-CBLK-RFC1918-IANA-RESERVED
192.225.158.132,US,ThreatMetrix Inc.,THM,30286,THM-2
192.36.144.22,SE,D-GIX Service network,NETNOD-IX,8674,D-GIX-LAN
192.99.46.95,CA,OVH SAS,OVH,16276,OVH-DEDI-192-99-41
193.122.6.168,DE,Oracle Corporation,,,OC-195
193.226.227.110,HU,DIGI Tavkozlesi es Szolgaltato Kft,DIGICABLE,20845,HU-HDSNET-19980123
194.106.216.222,UA,TOV IT-Park,CDNnet-as,21257,XUA
194.181.228.35,PL,NAUKOWA I AKADEMICKA SIEC KOMPUTEROWA - PANSTWOWY INSTYTUT BADAWCZY,NASK-COMMERCIAL,8308,GLOBTEL
195.154.172.169,FR,ONLINE S.A.S.,AS12876,12876,TF-CUST-EAM
195.154.179.2,FR,ONLINE S.A.S.,AS12876,12876,TF-CUST-EAM
195.154.181.225,FR,ONLINE S.A.S.,AS12876,12876,TF-CUST-EAM
195.154.189.212,FR,ONLINE S.A.S.,AS12876,12876,TF-CUST-EAM
195.154.199.175,FR,ONLINE S.A.S.,AS12876,12876,IE-CUST-XERFI
195.154.204.36,FR,ONLINE S.A.S.,AS12876,12876,TF-CUST-MOVIE-SOLUTIONS
195.154.221.54,FR,ONLINE S.A.S.,AS12876,12876,HOURA-2
195.181.172.249,NL,Datacamp Limited,CDN77,60068,AMS-CDN77
195.3.220.58,PL,MEVSPACE sp. z o.o.,Mevspace,201814,MEVSPACE
197.231.179.5,KE,Frontier Optical Networks Ltd,FON,37305,FON_MSA
198.199.185.161,US,Steiner Studios,STEINERSTUDIOS,40211,STEINERSTUDIOS
198.251.84.144,LU,FranTech Solutions,PONYNET,53667,BUYVM-SWIP-198-251-84-40-32
198.8.95.245,CA,Total Server Solutions L.L.C.,PERFORMIVE,46562,TOTAL-SERVER-SOLUTIONS
199.19.95.109,CA,Netminders Server Hosting,NETMINDERS,7040,OL-372
199.59.243.223,US,"Amazon.com, Inc.",AMAZON-02,16509,BODIS-A
202.156.3.37,SG,StarHub Cable Vision Ltd,STARHUB-NGNBN,55430,SGCABLEVISION-SG
202.182.113.14,JP,The Constant Company,AS-CHOOPA,20473,TYO_VULTR_CUST
202.61.226.152,DE,netcup GmbH,netcup-AS,197540,NETCUP-NETWORK-202-61-224-0-20
202.61.238.233,DE,netcup GmbH,netcup-AS,197540,NETCUP-NETWORK-202-61-224-0-20
202.61.240.22,DE,netcup GmbH,netcup-AS,197540,NETCUP-NETWORK-202-61-224-0-20
202.61.248.32,DE,netcup GmbH,netcup-AS,197540,NETCUP-NETWORK-202-61-224-0-20
202.61.255.20,DE,netcup GmbH,netcup-AS,197540,NETCUP-NETWORK-202-61-224-0-20
203.107.1.65,CN,Hangzhou Alibaba Advertising Co.,ALIBABA-CN-NET,45102,ALISOFT
203.123.48.219,SG,eSys Technologies Pte Ltd,DCS1-02-AS-AP,37989,DCS1-01
204.187.100.82,CA,Amanah Tech Inc.,AMANAHA-NEW,32489,AMANAH-BLOCK1
206.217.216.10,NL,UK-2 Limited,UK2NET-AS,13213,PINGPERFECT-LTD
207.180.192.205,DE,Contabo GmbH,CONTABO,51167,CONTABO
207.180.192.206,DE,Contabo GmbH,CONTABO,51167,CONTABO
207.244.241.63,US,Contabo Inc.,NL-811-40021,40021,USNET-207-244-234
208.87.135.55,AU,"HIVELOCITY, Inc.",,,SN-208-87-128-0-22
208.95.112.1,US,"Total Uptime Technologies, LLC",,,TUTL-5
209.209.112.121,US,Baxet Group Inc,BAXET-GROUP,398343,BAXET-NET
210.244.71.25,TW,Digital United Inc.,NCIC-TW,9919,SEEDNET-NET
212.129.19.188,FR,Online SAS,AS12876,12876,SCALEWAY-DEDIBOX-IPFO
212.178.135.62,NL,Vodafone Libertel B.V.,TNF-AS,33915,STICHTING_DE_DOMIJNEN
212.193.62.42,RU,Trader soft LLC,,,COMFORTEL-TRADERSOFT-NET
212.6.3.67,RU,"S.SETEVAYA SVYAZ, OOO",SNCNET-AS,8440,SNC-RC-NET2
213.34.163.254,NL,Vodafone Libertel B.V.,TNF-AS,33915,MEDTRONIC_BV
217.138.205.98,AU,M247 Europe SRL,M247,9009,M247-LTD-Sydney
217.23.1.103,NL,WorldStream B.V.,WorldStream,49981,WORLDSTREAM
221.7.164.11,CN,China Unicom,CHINA169-Backbone,4837,QZ-CNC-MANAGE
223.109.148.129,CN,China Mobile communications corporation,,,CMNET
23.106.249.200,SG,Leaseweb Asia Pacific pte. ltd.,LEASEWEB-APAC-SIN-11,59253,LSW-SG
23.137.251.45,US,IncogNET LLC,INCOGNET,210630,INCOGNET-LLC
23.15.104.180,SG,"Akamai Technologies, Inc.",AKAMAI-ASN1,20940,AIBV
23.15.147.56,SG,"Akamai Technologies, Inc.",AKAMAI-AS,16625,AIBV
23.195.120.51,SG,Akamai Technologies,AKAMAI-ASN1,20940,AIBV
23.200.24.107,SG,Akamai International B.V.,AKAMAI-AS,16625,AIBV
23.200.24.57,SG,Akamai International B.V.,AKAMAI-AS,16625,AIBV
23.200.24.66,SG,Akamai International B.V.,AKAMAI-AS,16625,AIBV
23.200.24.72,SG,Akamai International B.V.,AKAMAI-AS,16625,AIBV
23.205.208.49,SG,Starhub Internet Pte Ltd,AKAMAI-AS,16625,AIBV
23.209.65.4,TH,"Akamai Technologies, Inc.",AKAMAI-AS,16625,AIBV
23.220.203.32,SG,Akamai International B.V.,AKAMAI-LON,34164,AIBV
23.220.203.9,SG,Akamai International B.V.,AKAMAI-LON,34164,AIBV
23.39.15.207,SG,"Akamai Technologies, Inc.",AKAMAI-AS,16625,AIBV
23.42.165.170,HK,"Akamai Technologies, Inc.",AKAMAI-AS,16625,AIBV
23.5.165.67,SG,"Akamai Technologies, Inc.",AKAMAI-ASN1,20940,AIBV
23.5.165.72,SG,"Akamai Technologies, Inc.",AKAMAI-ASN1,20940,AIBV
23.66.148.241,HK,"Akamai Technologies, Inc.",AKAMAI-AS,16625,AIBV
23.66.152.131,HK,"Akamai Technologies, Inc.",AKAMAI-AS,16625,AIBV
23.76.236.249,HK,"Akamai Technologies, Inc.",AKAMAI-ASN1,20940,AIBV
23.76.76.122,HK,"Akamai Technologies, Inc.",AKAMAI-ASN1,20940,AKAMAI
3.1.63.52,SG,Amazon Technologies Inc. (EC2),AMAZON-02,16509,AWS-OKTA
3.1.95.98,SG,Amazon Technologies Inc. (EC2),AMAZON-02,16509,AWS-TWILIO-INC
3.232.144.130,US,Amazon Technologies Inc. (EC2),AMAZON-AES,14618,AWS-FREEWHEEL
3.82.81.203,US,Amazon Technologies Inc. (EC2),AMAZON-AES,14618,AWS-AOL
34.117.139.101,US,Google LLC,GOOGLE-CLOUD-PLATFORM,396982,GOOGLE-CLOUD-TO-MCICS-3
34.89.135.129,US,Google LLC,GOOGLE-CLOUD-PLATFORM,396982,AVAGOTECH-ASIA-SOUTHEAST1-2
34.92.10.197,US,Google LLC,GOOGLE-CLOUD-PLATFORM,396982,AVAGOTECH-ASIA-SOUTHEAST1-2
34.94.213.23,US,Google LLC,GOOGLE-CLOUD-PLATFORM,396982,AVAGOTECH-ASIA-SOUTHEAST1-2
34.98.99.30,US,Google LLC,GOOGLE-CLOUD-PLATFORM,396982,AVAGOTECH-SOUTHAMERICA-EAST1-1
35.154.241.122,IN,Amazon Technologies Inc. (EC2),AMAZON-02,16509,AWS-TWILIO-INC
35.155.156.153,US,Amazon Technologies Inc. (EC2),AMAZON-02,16509,AMAZO-ZPDX
35.163.251.58,US,"Amazon.com, Inc.",AMAZON-02,16509,AWS-CHEETAH
35.167.186.212,US,"Amazon.com, Inc.",AMAZON-02,16509,AWS-SIMILARWEB
35.171.49.86,US,"Amazon.com, Inc.",AMAZON-AES,14618,AWS-TIBCO
35.227.12.84,US,Google LLC,GOOGLE,15169,GOOGLE-CLOUD
37.120.236.166,BE,M247 Europe SRL,M247,9009,M247-LTD-Brussels
37.19.217.198,FR,Datacamp Limited,CDNEXT,212238,CDNEXT-PAR
37.221.193.21,DE,netcup GmbH,netcup-AS,197540,NETCUP_NET-4
37.221.194.169,DE,netcup GmbH,netcup-AS,197540,NETCUP_NET-4
37.48.86.250,NL,LeaseWeb Netherlands B.V.,LEASEWEB-NL-AMS-01,60781,NL-LEASEWEB-20120124
38.102.84.133,CA,Rica Web Services,RICAWEBSERVICES,26832,SERVARICA-CGNT-NET-1
38.242.234.0,US,Contabo GmbH,COGENT-174,174,OPEN-FIBRE-CGNT-NET-2
38.97.116.244,US,Massachusetts Institute of Technology,CP-TEL,63353,CPTEL-CGNT-NET-3
40.70.184.83,US,Microsoft Corporation,,,MSFT
41.205.148.102,NA,Telecom Namibia,TELECOM-NAMIBIA,36996,TN-Datacenter-I
42.120.149.247,CN,Addresses CNNIC,ALIBABA-CN-NET,37963,Taobao
43.156.222.210,SG,Shenzhen Tencent Computer Systems Company Limited,,,ACEVILLEPTELTD-SG
43.156.222.216,SG,Shenzhen Tencent Computer Systems Company Limited,,,ACEVILLEPTELTD-SG
43.245.107.5,SG,M1 LIMITED,MOBILEONELTD-AS-AP,4773,M1LIMITED-SG
45.114.7.244,SG,Whiz Communications Pte Ltd,WHIZCOMMS-AS-AP,135600,WHIZCOMMS-SG
45.115.219.228,NP,Data Hub Pvt. Ltd.,DATAHUB-AS-AP,18222,DATAHUB-NP
45.128.36.130,US,M247 Europe SRL,M247,9009,M247-CHICAGO
45.128.36.162,US,M247 Europe SRL,M247,9009,M247-CHICAGO
45.129.182.164,DE,netcup GmbH,netcup-AS,197540,DE-NETCUP-SERVER
45.139.215.158,GR,Ote SA (Hellenic Telecommunications Organisation),OTENET-GR,6799,OTE-SA
45.139.215.185,GR,Ote SA (Hellenic Telecommunications Organisation),OTENET-GR,6799,OTE-SA
45.139.215.233,GR,Ote SA (Hellenic Telecommunications Organisation),OTENET-GR,6799,OTE-SA
45.139.215.45,GR,Ote SA (Hellenic Telecommunications Organisation),OTENET-GR,6799,OTE-SA
45.139.215.7,GR,Ote SA (Hellenic Telecommunications Organisation),OTENET-GR,6799,OTE-SA
45.145.186.125,US,DediPath LLC,DEDIPATH-LLC,35913,DEDIPA-45-145-186-0
45.150.227.58,US,Spartan Host Ltd,CNSERVERS,40065,Spartan-Host-Ltd
45.154.98.33,NL,1337 Services GmbH,services-1337-gmbh,210558,DE-1337SERVICES-20211028
45.157.178.19,DE,netcup GmbH,netcup-AS,197540,DE-NETCUP-SERVER
45.158.20.194,CA,Netlab,,,CA-TEEMO-20190927
45.33.23.183,US,"Akamai Technologies, Inc.",,,LINODE
45.77.243.81,SG,"The Constant Company, LLC",AS-CHOOPA,20473,NET-45-77-242-0-23
45.79.133.252,US,"Akamai Technologies, Inc.",,,LINODE
45.9.148.209,NL,Nice IT Services Group Inc.,NICEIT,49447,NiceIT-NL
46.137.201.66,SG,"Amazon.com, Inc.",AMAZON-02,16509,AMAZON-SIN
46.166.191.25,NL,NForce Entertainment B.V.,NFORCE,43350,NETCRAWLED_LLC
46.166.191.26,NL,NForce Entertainment B.V.,NFORCE,43350,NETCRAWLED_LLC
46.166.191.27,NL,NForce Entertainment B.V.,NFORCE,43350,NETCRAWLED_LLC
46.166.191.29,NL,NForce Entertainment B.V.,NFORCE,43350,NETCRAWLED_LLC
46.232.211.120,NL,SlashN Services Pte. Ltd.,sg-slashn,208959,SG-SLASHN-20180615
46.246.3.223,SE,Portlane Network,PORTLANE,42708,COLO-HOSTING-NET-04
46.38.243.85,DE,netcup GmbH,netcup-AS,197540,NETCUP_NET-2
47.241.41.246,SG,Alibaba.com LLC,ALIBABA-CN-NET,45102,ALICLOUD-SG
47.246.12.235,MY,Alibaba.com LLC,,,AL-3
47.246.12.236,MY,Alibaba.com LLC,,,AL-3
47.246.12.237,MY,Alibaba.com LLC,,,AL-3
47.246.12.238,MY,Alibaba.com LLC,,,AL-3
47.246.12.243,MY,Alibaba.com LLC,,,AL-3
47.246.12.245,MY,Alibaba.com LLC,,,AL-3
47.246.58.115,SG,"Zhejiang Taobao Network Co., Ltd",,,AL-3
47.89.251.173,US,Alibaba.com LLC,ALIBABA-CN-NET,45102,ALICLOUD-US
49.12.86.202,DE,Hetzner Online GmbH,HETZNER-AS,24940,SCHAAL-IT-UG
5.189.157.90,DE,Contabo GmbH,CONTABO,51167,CONTABO
5.189.160.21,DE,Contabo GmbH,CONTABO,51167,CONTABO
5.189.183.129,DE,Contabo GmbH,CONTABO,51167,CONTABO
5.189.183.155,DE,Contabo GmbH,CONTABO,51167,CONTABO
5.189.188.23,DE,Contabo GmbH,CONTABO,51167,CONTABO
5.254.48.82,NL,Voxility LLP,VOXILITY,3223,GZ_systems
5.79.83.193,NL,LeaseWeb Netherlands B.V.,LEASEWEB-NL-AMS-01,60781,NL-LEASEWEB-20120614
5.79.83.194,NL,LeaseWeb Netherlands B.V.,LEASEWEB-NL-AMS-01,60781,NL-LEASEWEB-20120614
5.9.67.240,DE,Hetzner Online GmbH,HETZNER-AS,24940,HETZNER-fsn1-dc7
5.9.88.200,DE,Hetzner Online GmbH,HETZNER-AS,24940,HETZNER-fsn1-dc7
50.21.176.118,US,IONOS SE,IONOS-AS,8560,1AN1-NETWORK
51.222.86.79,CA,OVH SAS,OVH,16276,VPS-BHS6
51.38.230.101,FR,OVH SAS,OVH,16276,VPS-GRA
51.83.109.116,FR,OVH SAS,OVH,16276,PCI-GRA5
51.89.153.112,GB,OVH SAS,OVH,16276,ERI-SD-MAGGIE-ADV2-E102G
52.0.126.193,US,"Amazon.com, Inc.",,,AT-88-Z
52.220.221.130,SG,"Amazon.com, Inc.",AMAZON-02,16509,AWS-CRAZYCALL
52.220.221.188,SG,"Amazon.com, Inc.",AMAZON-02,16509,AWS-CRAZYCALL
52.220.238.87,SG,"Amazon.com, Inc.",AMAZON-02,16509,AWS-CRAZYCALL
52.220.25.133,SG,"Amazon.com, Inc.",AMAZON-02,16509,AMAZON-SIN
52.50.114.126,IE,Amazon Technologies Inc. (EC2),AMAZON-02,16509,AWS-NETFLIX-INC
52.74.60.238,SG,"Amazon.com, Inc.",AMAZON-AES,14618,AWS-SALESFUSION-INC
52.77.117.182,SG,"Amazon.com, Inc.",AMAZON-02,16509,AWS-SHELL-INTERNET
52.9.197.152,US,Amazon Technologies Inc. (EC2),AMAZON-02,16509,AWS-QWILT
54.145.112.167,US,Amazon Technologies Inc.,AMAZON-AES,14618,AMAZON-IAD
54.153.90.140,US,"Amazon.com, Inc.",AMAZON-AES,14618,AWS-NETFLIX-INC
54.154.153.238,IE,"Amazon.com, Inc.",AMAZON-02,16509,AWS-RIGHTSTER-LTD
54.161.70.78,US,"Amazon.com, Inc.",AMAZON-AES,14618,AWS-SYNCBAK
54.174.200.52,US,"Amazon.com, Inc.",AMAZON-AES,14618,AWS-EBANX-LTDA
54.179.113.20,SG,"Amazon.com, Inc.",AMAZON-02,16509,AWS-NETFLIX-INC
54.179.201.139,SG,"Amazon.com, Inc.",AMAZON-02,16509,AWS-NETFLIX-INC
54.192.150.32,SG,"Amazon.com, Inc.",,,AMAZO-CF2
54.192.150.36,SG,"Amazon.com, Inc.",,,AMAZO-CF2
54.192.150.44,SG,"Amazon.com, Inc.",,,AMAZO-CF2
54.192.150.88,SG,"Amazon.com, Inc.",,,AMAZO-CF2
54.193.33.181,US,"Amazon.com, Inc.",AMAZON-02,16509,AWS-JEFF-BARTLETT
54.194.124.68,IE,"Amazon.com, Inc.",,,AMAZO-ZDUB5
54.194.135.233,IE,"Amazon.com, Inc.",,,AMAZO-ZDUB5
54.194.137.170,IE,"Amazon.com, Inc.",,,AMAZO-ZDUB5
54.209.131.199,US,"Amazon.com, Inc.",AMAZON-AES,14618,AWS-LENDINGSTREAM1
54.210.80.192,US,"Amazon.com, Inc.",AMAZON-AES,14618,AWS-ELASTICA-INC
54.214.105.212,US,"Amazon.com, Inc.",,,AMAZO-ZPDX3
54.214.62.31,US,"Amazon.com, Inc.",,,AMAZO-ZPDX3
54.214.62.55,US,"Amazon.com, Inc.",,,AMAZO-ZPDX3
54.215.207.56,US,"Amazon.com, Inc.",,,AMAZO-ZSFO2
54.219.10.113,US,"Amazon.com, Inc.",,,AMAZO-ZSFO3
54.227.160.188,US,Amazon Technologies Inc. (EC2),AMAZON-AES,14618,AWS-ACTIANCE1
54.230.151.176,SG,"Amazon.com, Inc.",,,AMAZO-ZL4
54.254.182.13,SG,"Amazon.com, Inc.",,,AMAZON-ASIA-SIN2
54.254.217.107,SG,"Amazon.com, Inc.",,,AMAZON-ASIA-SIN2
54.254.76.2,SG,"Amazon.com, Inc.",,,AMAZON-ASIA-SIN2
54.39.98.124,CA,OVH SAS,OVH,16276,VPS-BHS
54.70.174.84,US,"Amazon.com, Inc.",AMAZON-02,16509,AWS-SAMSUNG-SEMICONDUCTOR-INC
54.70.28.180,US,"Amazon.com, Inc.",AMAZON-02,16509,AWS-SAMSUNG-SEMICONDUCTOR-INC
54.75.73.159,IE,"Amazon.com, Inc.",AMAZON-02,16509,AWS-CTI
54.76.19.30,IE,"Amazon.com, Inc.",AMAZON-02,16509,AWS-NETFLIXINC15
54.77.130.51,IE,"Amazon.com, Inc.",AMAZON-02,16509,AWS-MADE-MEDIA-LTD
54.77.218.23,IE,"Amazon.com, Inc.",AMAZON-02,16509,AWS-NETFLIX-INC
62.171.169.198,DE,Contabo GmbH,CONTABO,51167,CONTABO
62.171.169.210,DE,Contabo GmbH,CONTABO,51167,CONTABO
62.210.132.12,FR,ONLINE S.A.S.,AS12876,12876,IE-CUST-ENABLON
62.210.202.61,FR,ONLINE S.A.S.,AS12876,12876,TF-CUST-NEOLANE
64.233.170.103,SG,Google LLC,GOOGLE,15169,GOOGLE
64.233.170.104,SG,Google LLC,GOOGLE,15169,GOOGLE
64.233.170.105,SG,Google LLC,GOOGLE,15169,GOOGLE
64.233.170.147,SG,Google LLC,GOOGLE,15169,GOOGLE
64.233.170.99,SG,Google LLC,GOOGLE,15169,GOOGLE
65.108.201.176,FI,Hetzner Online GmbH,HETZNER-AS,24940,HOS-1397173
67.213.221.18,US,UK-2 Limited,,,HSI-NET-67-213-208-0-1
68.71.244.2,CA,Total Server Solutions L.L.C.,PERFORMIVE,46562,TOTAL-SERVER-SOLUTIONS
69.12.66.178,US,QuadraNet Enterprises LLC,ASN-QUADRANET-GLOBAL,8100,IT-NUT-HOSTING
69.16.230.226,US,"Liquid Web, L.L.C",LIQUIDWEB,32244,ATLANTISOCS-1
69.16.231.56,US,"Liquid Web, L.L.C",LIQUIDWEB,32244,ATLANTISOCS-1
69.16.231.57,US,"Liquid Web, L.L.C",LIQUIDWEB,32244,ATLANTISOCS-1
72.52.179.174,US,"Liquid Web, L.L.C",LIQUIDWEB,32244,ECLIPSEOCS-1
74.125.130.103,SG,Google LLC,GOOGLE,15169,GOOGLE-CORP-74-125-120-0
74.125.130.104,SG,Google LLC,GOOGLE,15169,GOOGLE-CORP-74-125-120-0
74.125.130.105,SG,Google LLC,GOOGLE,15169,GOOGLE-CORP-74-125-120-0
74.125.130.106,SG,Google LLC,GOOGLE,15169,GOOGLE-CORP-74-125-120-0
74.125.130.147,SG,Google LLC,GOOGLE,15169,GOOGLE-CORP-74-125-120-0
74.125.130.99,SG,Google LLC,GOOGLE,15169,GOOGLE-CORP-74-125-120-0
74.125.200.103,SG,Google LLC,GOOGLE,15169,GOOGLE-CORP-74-125-120-0
74.125.200.104,SG,Google LLC,GOOGLE,15169,GOOGLE-CORP-74-125-120-0
74.125.200.105,SG,Google LLC,GOOGLE,15169,GOOGLE-CORP-74-125-120-0
74.125.200.106,SG,Google LLC,GOOGLE,15169,GOOGLE-CORP-74-125-120-0
74.125.200.147,SG,Google LLC,GOOGLE,15169,GOOGLE-CORP-74-125-120-0
74.125.200.99,SG,Google LLC,GOOGLE,15169,GOOGLE-CORP-74-125-120-0
74.125.24.103,KR,Google LLC,GOOGLE,15169,GOOGLE
74.125.24.104,KR,Google LLC,GOOGLE,15169,GOOGLE
74.125.24.105,KR,Google LLC,GOOGLE,15169,GOOGLE
74.125.24.106,KR,Google LLC,GOOGLE,15169,GOOGLE
74.125.24.147,US,Google LLC,GOOGLE,15169,GOOGLE
74.125.68.103,US,Google LLC,GOOGLE,15169,GOOGLE-CORP-74-125-56-0
74.125.68.104,US,Google LLC,GOOGLE,15169,GOOGLE-CORP-74-125-56-0
74.125.68.106,US,Google LLC,GOOGLE,15169,GOOGLE-CORP-74-125-56-0
74.125.68.147,SG,Google LLC,GOOGLE,15169,GOOGLE-CORP-74-125-56-0
74.91.18.58,US,"Nocix, LLC",NOCIX,33387,DS-SC-183
75.2.37.224,US,"Amazon.com, Inc.",,,AMAZO-4
76.223.26.96,US,"Amazon.com, Inc.",,,AMAZO-4
77.247.181.209,NL,NFOrce Entertainment BV,NFORCE,43350,Amsterdam_Residential_Television_and_Internet_Network
77.247.181.210,NL,NFOrce Entertainment BV,NFORCE,43350,Amsterdam_Residential_Television_and_Internet_Network
77.247.181.211,NL,NFOrce Entertainment BV,NFORCE,43350,Amsterdam_Residential_Television_and_Internet_Network
77.247.181.212,NL,NFOrce Entertainment BV,NFORCE,43350,Amsterdam_Residential_Television_and_Internet_Network
77.247.181.213,NL,NFOrce Entertainment BV,NFORCE,43350,Amsterdam_Residential_Television_and_Internet_Network
77.247.181.215,NL,NFOrce Entertainment BV,NFORCE,43350,Amsterdam_Residential_Television_and_Internet_Network
77.247.181.216,NL,NFOrce Entertainment BV,NFORCE,43350,Amsterdam_Residential_Television_and_Internet_Network
77.247.181.217,NL,NFOrce Entertainment BV,NFORCE,43350,Amsterdam_Residential_Television_and_Internet_Network
77.247.181.218,NL,NFOrce Entertainment BV,NFORCE,43350,Amsterdam_Residential_Television_and_Internet_Network
77.247.181.219,NL,NFOrce Entertainment BV,NFORCE,43350,Amsterdam_Residential_Television_and_Internet_Network
77.81.98.70,RO,M247 Europe SRL,M247,9009,M247EU-Shared-Hosting
77.91.229.218,RU,OOO Fly Engeneering Group,FLYGROUP-AS,199420,WAHOME-COLO
8.218.15.207,SG,Alibaba.com Singapore E-Commerce Private Limited,ASEPL-AS-AP,134963,ALICLOUD-SA
80.79.7.205,NL,WorldStream B.V.,WorldStream,49981,WORLDSTREAM
81.69.13.81,CN,Tencent Cloud,TENCENT-NET-AP,45090,TENCENT-CN
82.209.230.66,BY,Republican Unitary Telecommunication Enterprise Beltelecom,BELPAK-AS,6697,MCK-ENDUSERS
83.174.193.196,RU,"PJSC ""Bashinformsvyaz""",JSCBIS-AS,28812,ru-bashtel
85.10.202.14,DE,Hetzner Online GmbH,HETZNER-AS,24940,HETZNER-RZ-NBG-NET
85.143.174.77,RU,Trader soft LLC,TRADERSOFT,201848,COMFORTEL-TRADERSOFT-NET
85.206.172.179,LT,"Informacines sistemos ir technologijos, UAB",IST-AS,61272,GuruPrasan-Sahu-NET
86.106.90.226,CA,M247 Europe SRL,M247,9009,M247-LTD-Quebec
88.99.162.148,DE,Hetzner Online GmbH,HETZNER-AS,24940,HETZNER-fsn1-dc1
89.149.201.132,NL,LeaseWeb Netherlands B.V.,LEASEWEB-NL-AMS-01,60781,NL-LEASEWEB-20060223
89.187.163.193,SG,Datacamp Limited,CDN77,60068,CDN77_SGP-EQ3
89.248.168.112,NL,IP Volume inc,INT-NETWORK,202425,NET-2-168
89.47.234.74,CA,M247 Europe SRL,M247,9009,RO-M247RO-20051129
89.58.26.17,DE,netcup GmbH,netcup-AS,197540,AT-NETCUP-01
89.58.46.194,DE,netcup GmbH,netcup-AS,197540,AT-NETCUP-01
89.58.49.234,DE,netcup GmbH,netcup-AS,197540,AT-NETCUP-01
89.58.52.62,DE,netcup GmbH,netcup-AS,197540,AT-NETCUP-01
89.58.61.32,AT,netcup GmbH,netcup-AS,197540,netcup-kvm-at
91.193.75.4,EE,xTom GmbH,XTOM,3214,RS-ORIONTELEKOM
91.207.136.85,RU,OOO SET,OOOSET-AS,48176,OOONET-NET
91.90.120.133,CA,M247 Europe SRL,M247,9009,M247-Greenland
94.228.192.98,RU,Uniontel ZAO network,UNIONTEL-RU-AS,48293,Uniontel_Infra_msk
95.111.230.250,DE,Contabo GmbH,CONTABO,51167,CONTABO
95.214.52.159,PL,MEVSPACE sp. z o.o.,Mevspace,201814,PL-MEV-20181221
99.209.46.171,CA,Rogers Communications Canada Inc.,ROGERS-COMMUNICATIONS,812,DPS
