,ip_address,country,isp,asn_name,asn_number,asn_netname
0,1.0.0.1,US,APNIC Research and Development,CLOUDFLARENET,13335.0,APNIC-LABS
1,1.237.15.91,KR,SK Broadband Co Ltd,SKB-AS,9318.0,SK Broadband Co Ltd
2,10.0.0.138,ZZ,,,,PRIVATE-ADDRESS-ABLK-RFC1918-IANA-RESERVED
3,101.32.104.41,SG,Shenzhen Tencent Computer Systems Company Limited,TENCENT-NET-AP-CN,132203.0,ACEVILLEPTELTD-SG
4,101.32.133.53,SG,Shenzhen Tencent Computer Systems Company Limited,TENCENT-NET-AP-CN,132203.0,ACEVILLEPTELTD-SG
5,101.32.169.145,SG,Shenzhen Tencent Computer Systems Company Limited,TENCENT-NET-AP-CN,132203.0,ACEVILLEPTELTD-SG
6,101.32.178.31,HK,Shenzhen Tencent Computer Systems Company Limited,TENCENT-NET-AP-CN,132203.0,ACEVILLEPTELTD-SG
7,101.32.225.196,TH,Shenzhen Tencent Computer Systems Company Limited,TENCENT-NET-AP-CN,132203.0,ACEVILLEPTELTD-SG
8,103.145.13.97,FI,ABC Consultancy,SQUITTER-NETWORKS,213371.0,PEENQ-NL-02
9,103.178.232.12,VN,Viet Digital Technology Liability Company,DVS-AS-VN,135918.0,PHUONGTRAN-VN
10,103.211.230.18,SG,Aofei Data International Company Limited,AOFEI-HK,135391.0,AOFEI-SG
11,103.224.182.246,US,Trellian Pty. Limited,TRELLIAN-AS-AP,133618.0,TRELLIAN-AU
12,103.224.182.250,US,Trellian Pty. Limited,TRELLIAN-AS-AP,133618.0,TRELLIAN-AU
13,103.224.182.253,US,Trellian Pty. Limited,TRELLIAN-AS-AP,133618.0,TRELLIAN-AU
14,103.224.212.219,US,TRELLIAN,TRELLIAN-AS-AP,133618.0,TRELLIAN-AU
15,103.224.212.222,US,TRELLIAN,TRELLIAN-AS-AP,133618.0,TRELLIAN-AU
16,103.31.232.194,ID,PT. Usaha Adisanggoro,ASNET-AS-ID,55701.0,AS-NET-ID
17,104.149.135.6,US,Psychz Networks,AS40676,40676.0,PSYCHZ-NETWORKS
18,104.160.25.75,US,Inter Connects Inc,AS-46805,46805.0,us
19,104.166.188.242,NL,Zenlayer Inc,,,US-ZENLAYER-20140814
20,104.17.107.108,US,American Registry Internet Numbers,CLOUDFLARENET,13335.0,CLOUDFLARENET
21,104.17.108.108,US,American Registry Internet Numbers,CLOUDFLARENET,13335.0,CLOUDFLARENET
22,104.192.3.74,US,DataWagon LLC,DATAWAGON,27176.0,NET-104-192-0-0-1
23,104.238.198.186,US,United Technology Services Group Inc.,UTSG-30139,30139.0,UTSG
24,104.238.220.110,US,ReliableSite.Net LLC,RELIABLESITE,23470.0,104-238-220-100-32
25,104.238.221.190,US,ReliableSite.Net LLC,RELIABLESITE,23470.0,104-238-221-173-32
26,104.254.90.34,CA,Amanah Tech Inc.,,,AMANAH-BLOCK6
27,104.254.90.58,CA,Amanah Tech Inc.,,,AMANAH-BLOCK6
28,104.69.38.163,SG,"Akamai Technologies, Inc.",AKAMAI-ASN1,20940.0,AIBV
29,104.85.66.81,HK,"Akamai Technologies, Inc.",AKAMAI-AS,16625.0,AIBV
30,105.21.41.70,KE,SEACOM Limited,SEACOM-AS,37100.0,SEACOM-ASSIGNMENTS-CUSTOMERS
31,106.10.186.200,SG,Yahoo! SG3,YAHOO-SG3,56173.0,SG3
32,106.10.186.201,SG,Yahoo! SG3,YAHOO-SG3,56173.0,SG3
33,106.14.162.152,CN,Alibaba Cloud,ALIBABA-CN-NET,45102.0,ALISOFT
34,107.150.14.110,US,QuadraNet Enterprises LLC,PACIFICRACK,64270.0,QUADRANET-CUSTOMER
35,107.152.127.9,US,"Alaska Communications Systems Group, Inc.",ALSK-7782,7782.0,ACSG-1-NET-8
36,107.181.189.36,CA,Performive LLC,PERFORMIVE,46562.0,HOSTINGSERVICES
37,107.189.4.83,LU,FranTech Solutions,PONYNET,53667.0,BUYVM-LUXEMBOURG-02
38,108.62.202.227,US,"Leaseweb USA, Inc.",LEASEWEB-USA-CHI,27411.0,WINDSCRIBE-NET-74
39,109.104.40.204,DE,HL komm Telekommunikations GmbH,HLKOMM,16097.0,HL-AN
40,109.104.46.99,DE,HL komm Telekommunikations GmbH,HLKOMM,16097.0,HL-AN
41,109.104.50.198,DE,HL komm Telekommunikations GmbH,HLKOMM,16097.0,HL-AN
42,109.201.152.161,NL,NForce Entertainment B.V.,NFORCE,43350.0,NFORCE_ENTERTAINMENT
43,109.201.152.162,NL,NForce Entertainment B.V.,NFORCE,43350.0,NFORCE_ENTERTAINMENT
44,109.201.152.163,NL,NForce Entertainment B.V.,NFORCE,43350.0,NFORCE_ENTERTAINMENT
45,109.201.152.164,NL,NForce Entertainment B.V.,NFORCE,43350.0,NFORCE_ENTERTAINMENT
46,109.201.152.165,NL,NForce Entertainment B.V.,NFORCE,43350.0,NFORCE_ENTERTAINMENT
47,109.201.152.166,NL,NForce Entertainment B.V.,NFORCE,43350.0,NFORCE_ENTERTAINMENT
48,109.201.152.167,NL,NForce Entertainment B.V.,NFORCE,43350.0,NFORCE_ENTERTAINMENT
49,109.201.152.168,NL,NForce Entertainment B.V.,NFORCE,43350.0,NFORCE_ENTERTAINMENT
50,109.201.152.169,NL,NForce Entertainment B.V.,NFORCE,43350.0,NFORCE_ENTERTAINMENT
51,109.201.152.171,NL,NForce Entertainment B.V.,NFORCE,43350.0,NFORCE_ENTERTAINMENT
52,109.201.152.172,NL,NForce Entertainment B.V.,NFORCE,43350.0,NFORCE_ENTERTAINMENT
53,109.201.152.174,NL,NForce Entertainment B.V.,NFORCE,43350.0,NFORCE_ENTERTAINMENT
54,109.201.152.175,NL,NForce Entertainment B.V.,NFORCE,43350.0,NFORCE_ENTERTAINMENT
55,109.201.152.177,NL,NForce Entertainment B.V.,NFORCE,43350.0,NFORCE_ENTERTAINMENT
56,109.201.152.178,NL,NForce Entertainment B.V.,NFORCE,43350.0,NFORCE_ENTERTAINMENT
57,111.223.64.89,SG,Starhub Internet Pte Ltd,STARHUB-INTERNET,4657.0,STARHUBINTERNET-SG
58,113.219.239.139,CN,China Telecom,CHINANET-BACKBONE,4134.0,CHINANET-HN
59,116.31.233.207,CN,Chinanet,CHINANET-BACKBONE,4134.0,heqiufeng
60,119.147.13.93,CN,China Telecom,CHINANET-BACKBONE,4134.0,shenzhen12012
61,119.28.121.215,SG,"Tencent Cloud Computing (Beijing) Co., Ltd",TENCENT-NET-AP-CN,132203.0,TencentCloud
62,119.28.55.240,HK,"Tencent Cloud Computing (Beijing) Co., Ltd",TENCENT-NET-AP-CN,132203.0,ACEVILLEPTELTD-SG
63,119.29.29.98,CN,Shenzhen Tencent Computer Systems Company Limited,TENCENT-NET-AP-CN,132203.0,ACEVILLEPTELTD-SG
64,119.36.113.143,CN,CNC Group CHINA169 Hubei Province Network,CHINA169-Backbone,4837.0,tengma-network
65,120.24.237.226,CN,Hangzhou Alibaba Advertising Co,ALIBABA-CN-NET,45102.0,ALISOFT
66,120.53.107.87,CN,Shenzhen Tencent Computer Systems Company Limited,TENCENT-NET-AP,45090.0,Voda
67,125.212.133.145,VN,Viettel Corporation,VIETEL-AS-AP,7552.0,VIETTEL-VN
68,128.138.140.44,US,University of Colorado at Boulder,COLORADO-AS,104.0,COLORADO
69,128.199.243.248,SG,"DigitalOcean, LLC",,,DigitalOcean
70,129.150.48.1,SG,Oracle Corporation,,,RESPONSYS-1
71,129.226.3.47,SG,Tencent Cloud Computing (Beijing) Co,TENCENT-NET-AP-CN,132203.0,ACEVILLEPTELTD-SG
72,129.6.15.28,US,US National Institute of Standards & Technology,,,NIST-G
73,129.6.15.29,US,US National Institute of Standards & Technology,,,NIST-G
74,13.114.205.93,JP,"Amazon.com, Inc.",AMAZON-02,16509.0,AWS-CA-MOBILE
75,13.248.148.254,US,"Amazon.com, Inc.",AMAZON-02,16509.0,AWS-BYOIP
76,13.248.169.48,US,"Amazon.com, Inc.",AMAZON-02,16509.0,AWS-BYOIP
77,13.250.187.31,SG,"Amazon.com, Inc.",AMAZON-02,16509.0,AWS-CENTRIFY
78,13.251.144.19,SG,"Amazon.com, Inc.",AMAZON-02,16509.0,AWS-AOL
79,13.251.71.45,SG,"Amazon.com, Inc.",AMAZON-02,16509.0,AWS-EDISONJUNIOR
80,13.35.23.156,SG,"Amazon.com, Inc.",,,AMAZO-CF
81,13.58.27.33,US,Amazon Technologies Inc. (EC2),AMAZON-02,16509.0,AWS-AG-MEDNET
82,13.76.153.29,SG,Microsoft Corporation,,,MSFT
83,13.88.181.35,US,Microsoft Corporation,,,MSFT
84,130.239.18.158,SE,Umea University,SUNET-UMU,2833.0,UMUNET
85,130.61.221.114,DE,Oracle Corporation,,,OOC-195
86,135.181.210.22,FI,Hetzner Online GmbH,HETZNER-AS,24940.0,HOS-805795
87,136.243.151.244,DE,Hetzner Online GmbH,HETZNER-AS,24940.0,HETZNER-fsn1-dc8
88,136.243.56.220,DE,Hetzner Online GmbH,HETZNER-AS,24940.0,HETZNER-fsn1-dc12
89,136.243.96.42,DE,Hetzner Online GmbH,HETZNER-AS,24940.0,HETZNER-fsn1-dc8
90,138.121.122.201,BR,Smart Solucoes em Telecomunicacoes,Smart Solucoes em Telecomunicacoes,264293.0,PAULO SERGIO CARDOSO DE ABREU
91,138.199.60.166,SG,Datacamp Limited,CDNEXT,212238.0,CDNEXT-SGP
92,139.162.168.10,DE,"Akamai Technologies, Inc.",AKAMAI-LINODE-AP,63949.0,LINODE-AP
93,139.162.190.235,DE,"Akamai Technologies, Inc.",AKAMAI-LINODE-AP,63949.0,LINODE-AP
94,139.180.218.132,SG,"The Constant Company, LLC",AS-CHOOPA,20473.0,SGP_VULTR_CUST
95,139.99.45.37,SG,OVH SAS,OVH,16276.0,VPS-SGP
96,140.228.24.223,CA,Cogent Communications,ASDETUK,61317.0,HEFICED-140-228-23-0-24
97,142.215.164.101,US,"Equinix, Inc.",,,EQUINIX
98,142.215.164.102,US,"Equinix, Inc.",,,EQUINIX
99,142.215.164.103,US,"Equinix, Inc.",,,EQUINIX
100,142.215.164.104,US,"Equinix, Inc.",,,EQUINIX
101,142.215.164.105,US,"Equinix, Inc.",,,EQUINIX
102,142.215.164.106,US,"Equinix, Inc.",,,EQUINIX
103,142.215.164.107,US,"Equinix, Inc.",,,EQUINIX
104,142.215.164.108,US,"Equinix, Inc.",,,EQUINIX
105,142.215.164.109,US,"Equinix, Inc.",,,EQUINIX
106,142.215.164.110,US,"Equinix, Inc.",,,EQUINIX
107,142.215.164.99,US,"Equinix, Inc.",,,EQUINIX
108,142.250.4.103,US,Google LLC,GOOGLE,15169.0,GOOGLE
109,142.250.4.104,US,Google LLC,GOOGLE,15169.0,GOOGLE
110,142.250.4.105,US,Google LLC,GOOGLE,15169.0,GOOGLE
111,142.250.4.106,US,Google LLC,GOOGLE,15169.0,GOOGLE
112,142.250.4.139,US,Google LLC,GOOGLE,15169.0,GOOGLE
113,142.250.4.99,US,Google LLC,GOOGLE,15169.0,GOOGLE
114,142.251.10.103,SG,Google LLC,GOOGLE,15169.0,GOOGLE
115,142.251.10.104,SG,Google LLC,GOOGLE,15169.0,GOOGLE
116,142.251.10.105,SG,Google LLC,GOOGLE,15169.0,GOOGLE
117,142.251.10.106,SG,Google LLC,GOOGLE,15169.0,GOOGLE
118,142.251.10.147,SG,Google LLC,GOOGLE,15169.0,GOOGLE
119,142.251.10.99,SG,Google LLC,GOOGLE,15169.0,GOOGLE
120,142.251.12.103,SG,Google LLC,GOOGLE,15169.0,GOOGLE
121,142.251.12.104,SG,Google LLC,GOOGLE,15169.0,GOOGLE
122,142.251.12.106,SG,Google LLC,GOOGLE,15169.0,GOOGLE
123,142.251.12.113,SG,Google LLC,GOOGLE,15169.0,GOOGLE
124,142.251.12.147,SG,Google LLC,GOOGLE,15169.0,GOOGLE
125,142.251.12.99,SG,Google LLC,GOOGLE,15169.0,GOOGLE
126,144.126.242.176,SG,"DigitalOcean, LLC",,,DIGITALOCEAN-144-126-192-0
127,144.172.118.36,US,Data Ideas llc,DATAIDEAS-LLC,398355.0,DATA-IDEAS-LLC
128,144.217.86.109,CA,OVH SAS,OVH,16276.0,OVH-VPS-144-217-84
129,144.76.118.107,DE,Hetzner Online GmbH,HETZNER-AS,24940.0,HETZNER-fsn1-dc10
130,144.91.111.37,DE,Contabo GmbH,,,CONTABO
131,146.19.24.245,PL,Digicron,Mevspace,201814.0,PL-DIGICRON-20211111
132,146.19.24.47,PL,Digicron,Mevspace,201814.0,PL-DIGICRON-20211111
133,146.59.233.33,FR,OVH SAS,OVH,16276.0,VPS-GRA8
134,146.70.112.142,CA,M247 Europe SRL,M247,9009.0,M247-LTD-Quebec
135,146.70.137.106,CA,M247 Europe SRL,M247,9009.0,M247-Toronto
136,146.70.137.122,CA,M247 Europe SRL,M247,9009.0,M247-Toronto
137,146.70.137.146,CA,M247 Europe SRL,M247,9009.0,M247-Toronto
138,146.70.137.210,CA,M247 Europe SRL,M247,9009.0,M247-Toronto
139,146.70.27.218,CA,M247 Europe SRL,M247,9009.0,M247-LTD-Quebec
140,146.70.27.250,CA,M247 Europe SRL,M247,9009.0,M247-LTD-Quebec
141,146.70.50.74,US,M247 Europe SRL,M247,9009.0,M247-DALLAS
142,147.182.132.199,US,"DigitalOcean, LLC",,,DIGITALOCEAN-147-182-128-0
143,147.182.194.121,US,"DigitalOcean, LLC",,,DIGITALOCEAN-147-182-128-0
144,149.36.49.148,CA,Datacamp Limited,CDNEXT,212238.0,CDNEXT-TOR-CG
145,149.36.49.174,CA,Datacamp Limited,CDNEXT,212238.0,CDNEXT-TOR-CG
146,149.57.29.174,US,Datacamp Limited,WINDSCRIBE,397540.0,WINDSCRIBE
147,150.109.161.188,TH,Tencent,TENCENT-NET-AP-CN,132203.0,ACEVILLEPTELTD-SG
148,150.109.91.98,SG,Shenzhen Tencent Computer Systems Company Limited,TENCENT-NET-AP-CN,132203.0,ACEVILLEPTELTD-SG
149,154.6.85.22,US,Performive LLC,,,RACKDOG
150,154.6.90.13,US,Performive LLC,,,RACKDOG
151,154.6.91.13,US,Performive LLC,,,RACKDOG
152,156.146.62.203,CH,Datacamp Limited,CDNEXT,212238.0,CDNEXT-ZUR
153,157.240.11.51,US,"Facebook, Inc.",,,THEFA-3
154,157.240.13.14,SG,"Facebook, Inc.",,,THEFA-3
155,157.240.15.1,SG,"Facebook, Inc.",,,THEFA-3
156,157.240.235.15,SG,"Facebook, Inc.",,,THEFA-3
157,157.240.7.20,SG,"Facebook, Inc.",,,THEFA-3
158,159.100.4.212,DE,diva-e Datacenters GmbH,DE-FIRSTCOLO,44066.0,DE-FIRSTCOLO
159,159.138.235.168,TH,HUAWEI INTERNATIONAL PTE. LTD.,HWCLOUDS-AS-AP,136907.0,Huawei-TH-CLOUDS
160,159.223.107.179,US,"DigitalOcean, LLC",,,DO-13
161,162.125.248.1,US,"Dropbox, Inc.",DROPBOX,19679.0,DROPB
162,162.125.81.18,SG,"Dropbox, Inc.",DROPBOX,19679.0,DROPB
163,162.219.176.163,CA,Amanah Tech Inc.,,,AMANAH
164,162.253.131.106,CA,Amanah Tech Inc.,AMANAHA-NEW,32489.0,PRIVAX-LIMITED
165,162.255.87.71,US,IONOS SE,IONOS-AS,8560.0,1AND1-HOSTING
166,162.55.243.114,DE,Hetzner Online GmbH,HETZNER-AS,24940.0,HOS-394455
167,162.62.163.63,SG,Tencent Cloud Computing (Beijing) Co,TENCENT-NET-AP-CN,132203.0,ACEVILLEPTELTD-SG
168,162.62.163.84,SG,Tencent Cloud Computing (Beijing) Co,TENCENT-NET-AP-CN,132203.0,ACEVILLEPTELTD-SG
169,163.172.150.238,FR,ONLINE S.A.S.,AS12876,12876.0,SCALEWAY-DEDIBOX
170,163.172.29.130,FR,ONLINE S.A.S.,AS12876,12876.0,SCALEWAY-DEDIBOX
171,163.181.42.227,SG,"Zhejiang Taobao Network Co., Ltd",,,AL-3
172,164.152.167.196,SG,Leaseweb Asia Pacific pte. ltd.,LEASEWEB-APAC-SIN-11,59253.0,M365GROUPLLC-AP
173,165.231.210.163,US,FIBERGRID,FIBERGRID,37518.0,FIBERSA
174,165.231.210.171,US,FIBERGRID,FIBERGRID,37518.0,FIBERSA
175,167.160.88.250,US,Dedicated.com,DEDICATED,63018.0,NET-167-160-88-32-28
176,167.160.91.10,US,Dedicated.com,DEDICATED,63018.0,167-160-89-8-29-1
177,167.172.70.21,SG,"DigitalOcean, LLC",,,DigitalOcean
178,167.71.195.165,SG,"DigitalOcean, LLC",,,DIGITALOCEAN-167-71-0-0
179,167.86.70.11,DE,Contabo GmbH,CONTABO,51167.0,CONTABO
180,167.86.70.12,DE,Contabo GmbH,CONTABO,51167.0,CONTABO
181,167.86.70.14,DE,Contabo GmbH,CONTABO,51167.0,CONTABO
182,167.86.70.15,DE,Contabo GmbH,CONTABO,51167.0,CONTABO
183,167.86.70.16,DE,Contabo GmbH,CONTABO,51167.0,CONTABO
184,167.86.70.17,DE,Contabo GmbH,CONTABO,51167.0,CONTABO
185,167.86.70.18,DE,Contabo GmbH,CONTABO,51167.0,CONTABO
186,167.86.70.19,DE,Contabo GmbH,CONTABO,51167.0,CONTABO
187,167.86.70.20,DE,Contabo GmbH,CONTABO,51167.0,CONTABO
188,167.86.70.21,DE,Contabo GmbH,CONTABO,51167.0,CONTABO
189,167.86.70.22,DE,Contabo GmbH,CONTABO,51167.0,CONTABO
190,167.86.70.23,DE,Contabo GmbH,CONTABO,51167.0,CONTABO
191,167.86.70.24,DE,Contabo GmbH,CONTABO,51167.0,CONTABO
192,167.86.70.25,DE,Contabo GmbH,CONTABO,51167.0,CONTABO
193,167.86.70.26,DE,Contabo GmbH,CONTABO,51167.0,CONTABO
194,17.253.118.201,SG,Apple Inc.,APPLE-ENGINEERING,714.0,APPLE-WWNET
195,17.57.145.134,US,Apple Inc.,APPLE-ENGINEERING,714.0,APPLE-WWNET
196,170.51.110.69,AR,Techtel LMDS Comunicaciones Interactivas S.A.,AMX Argentina S.A.,19037.0,AMX Argentina S.A.
197,172.104.203.186,DE,Akamai Technologies,,,LINODE
198,172.104.229.158,DE,Akamai Technologies,,,LINODE
199,172.104.34.44,SG,Akamai Technologies,,,LINODE
200,172.17.0.1,ZZ,,,,PRIVATE-ADDRESS-BBLK-RFC1918-IANA-RESERVED
201,172.17.0.231,ZZ,,,,PRIVATE-ADDRESS-BBLK-RFC1918-IANA-RESERVED
202,172.17.0.232,ZZ,,,,PRIVATE-ADDRESS-BBLK-RFC1918-IANA-RESERVED
203,172.217.194.103,US,Google LLC,GOOGLE,15169.0,GOOGLE
204,172.217.194.104,US,Google LLC,GOOGLE,15169.0,GOOGLE
205,172.217.194.105,US,Google LLC,GOOGLE,15169.0,GOOGLE
206,172.217.194.106,US,Google LLC,GOOGLE,15169.0,GOOGLE
207,172.217.194.147,US,Google LLC,GOOGLE,15169.0,GOOGLE
208,172.217.194.99,US,Google LLC,GOOGLE,15169.0,GOOGLE
209,172.245.110.145,US,ColoCrossing,AS-COLOCROSSING,36352.0,CC-172-245-110-0-24
210,172.253.118.103,SG,Google LLC,GOOGLE,15169.0,GOOGLE
211,172.253.118.104,SG,Google LLC,GOOGLE,15169.0,GOOGLE
212,172.253.118.105,SG,Google LLC,GOOGLE,15169.0,GOOGLE
213,172.253.118.106,SG,Google LLC,GOOGLE,15169.0,GOOGLE
214,172.253.118.147,SG,Google LLC,GOOGLE,15169.0,GOOGLE
215,172.253.118.99,SG,Google LLC,GOOGLE,15169.0,GOOGLE
216,173.212.202.248,DE,Contabo GmbH,CONTABO,51167.0,CONTABO
217,173.212.205.4,DE,Contabo GmbH,CONTABO,51167.0,CONTABO
218,173.212.239.201,DE,Contabo GmbH,CONTABO,51167.0,CONTABO
219,173.239.232.19,US,Performive LLC,PERFORMIVE,46562.0,PRIVATEINTERNETACCESS
220,173.249.19.73,DE,Contabo GmbH,CONTABO,51167.0,CONTABO
221,173.249.33.72,DE,Contabo GmbH,CONTABO,51167.0,CONTABO
222,173.249.35.40,DE,Contabo GmbH,CONTABO,51167.0,CONTABO
223,173.249.4.73,DE,Contabo GmbH,CONTABO,51167.0,CONTABO
224,173.249.44.159,DE,Contabo GmbH,CONTABO,51167.0,CONTABO
225,173.249.44.161,DE,Contabo GmbH,CONTABO,51167.0,CONTABO
226,173.249.44.162,DE,Contabo GmbH,CONTABO,51167.0,CONTABO
227,173.249.44.163,DE,Contabo GmbH,CONTABO,51167.0,CONTABO
228,173.249.44.164,DE,Contabo GmbH,CONTABO,51167.0,CONTABO
229,173.249.44.165,DE,Contabo GmbH,CONTABO,51167.0,CONTABO
230,173.249.44.166,DE,Contabo GmbH,CONTABO,51167.0,CONTABO
231,173.249.44.180,DE,Contabo GmbH,CONTABO,51167.0,CONTABO
232,173.249.44.182,DE,Contabo GmbH,CONTABO,51167.0,CONTABO
233,173.249.44.183,DE,Contabo GmbH,CONTABO,51167.0,CONTABO
234,173.249.44.184,DE,Contabo GmbH,CONTABO,51167.0,CONTABO
235,173.249.44.185,DE,Contabo GmbH,CONTABO,51167.0,CONTABO
236,173.249.44.186,DE,Contabo GmbH,CONTABO,51167.0,CONTABO
237,173.249.44.188,DE,Contabo GmbH,CONTABO,51167.0,CONTABO
238,173.249.44.189,DE,Contabo GmbH,CONTABO,51167.0,CONTABO
239,173.82.226.176,US,Multacom Corporation,MULTA-ASN1,35916.0,CLOUDCONE
240,175.41.164.184,SG,Amazon Technologies Inc. (EC2),AMAZON-AS-AP,38895.0,AMAZON-AP-RESOURCES-SG
241,176.113.74.130,CA,M247 Europe SRL,M247,9009.0,M247-LTD-Quebec
242,176.113.74.138,CA,M247 Europe SRL,M247,9009.0,M247-LTD-Quebec
243,176.113.74.74,CA,M247 Europe SRL,M247,9009.0,M247-LTD-Quebec
244,176.123.4.41,RO,Alexhost SRL,,,AlexHost-NET
245,176.123.4.91,RO,Alexhost SRL,,,AlexHost-NET
246,176.31.183.98,FR,OVH SAS,OVH,16276.0,OVH
247,178.170.48.154,FR,Ikoula Net SAS,IKOULA,21409.0,IKOULA
248,178.210.89.119,RU,JSC RU-CENTER,RU-CENTER,48287.0,RU-CENTER-HOSTING
249,179.43.151.97,PA,Private Layer INC,PLI-AS,51852.0,Nix Web Solutions Pvt Ltd
250,179.43.168.202,PA,Private Layer INC,PLI-AS,51852.0,Legendary Tech Enterprises S.A.
251,179.61.197.179,CA,Cogent Communications,COGENT-174,174.0,Camron Haider
252,179.61.240.107,NZ,Servers Australia Pty. Ltd,AS45671-NET-AU,45671.0,Digital Energy Technologies Chile SpA
253,18.136.247.139,SG,Amazon Technologies Inc. (EC2),AMAZON-02,16509.0,AWS--CENTURION
254,18.140.172.93,SG,Amazon Technologies Inc. (EC2),AMAZON-02,16509.0,AWS-COUPA
255,18.141.69.150,SG,Amazon Technologies Inc. (EC2),AMAZON-02,16509.0,AWS-COUPA
256,18.142.79.47,SG,Amazon Technologies Inc. (EC2),AMAZON-02,16509.0,AMAZON-SIN
257,18.188.31.0,US,Amazon Technologies Inc. (EC2),AMAZON-02,16509.0,AWS-TRENDMICRO
258,18.190.61.127,US,Amazon Technologies Inc. (EC2),AMAZON-02,16509.0,AWS-OKTA
259,18.191.2.28,US,Amazon Technologies Inc. (EC2),AMAZON-02,16509.0,AWS-OKTA
260,18.196.86.103,DE,Amazon Technologies Inc. (EC2),AMAZON-02,16509.0,AMAZO-ZFRA
261,18.209.201.158,US,Amazon Technologies Inc. (EC2),AMAZON-AES,14618.0,AWS-UNIONHOMEMORTGAGE
262,18.218.241.3,US,Amazon Technologies Inc. (EC2),AMAZON-02,16509.0,AWS-INTUIT
263,18.220.82.190,US,Amazon Technologies Inc. (EC2),AMAZON-02,16509.0,AWS-VEEVA
264,18.221.7.72,US,Amazon Technologies Inc. (EC2),AMAZON-02,16509.0,AWS-VEEVA
265,18.223.137.220,US,Amazon Technologies Inc. (EC2),AMAZON-02,16509.0,AWS-CINEMOOD
266,180.76.76.112,CN,"Beijing Baidu Netcom Science and Technology Co., Ltd.",Baidu,55967.0,Baidu
267,181.13.218.29,AR,Telecom Argentina S.A,LACNIC-7303,7303.0,Telecom Business
268,181.214.153.91,CA,Cogent Communications,COGENT-174,174.0,IPXO
269,181.214.41.99,US,NextArray LLC.,NEXTARRAY-ASN-01,33696.0,IPXO
270,181.215.179.99,US,Datacamp Limited,CDNEXT,212238.0,IPXO
271,182.254.116.116,CN,Shenzhen Tencent Computer Systems Company Limited,TENCENT-NET-AP,45090.0,TENCENT-NET-AP
272,184.105.151.164,US,Hurricane Electric LLC,HURRICANE,6939.0,HURRICANE-DC3831-3C60958D
273,184.72.202.243,US,Amazon Technologies Inc. (EC2),AMAZON-AES,14618.0,AMAZON-IAD
274,184.75.213.154,CA,Amanah Tech Inc.,AMANAHA-NEW,32489.0,WINDSCRIBE-LIMITED
275,184.75.213.194,CA,Amanah Tech Inc.,AMANAHA-NEW,32489.0,WINDSCRIBE-LIMITED
276,184.75.214.50,CA,Amanah Tech Inc.,AMANAHA-NEW,32489.0,WINDSCRIBE-LIMITED
277,184.75.215.26,CA,Amanah Tech Inc.,AMANAHA-NEW,32489.0,PRIVAX-LIMITED
278,184.75.215.74,CA,Amanah Tech Inc.,AMANAHA-NEW,32489.0,PRIVAX-LIMITED
279,185.132.179.66,NL,WorldStream B.V.,WorldStream,49981.0,WORLDSTREAM
280,185.144.83.11,RO,M247RO,M247,9009.0,RO-M247RO
281,185.144.83.13,RO,M247RO,M247,9009.0,RO-M247RO
282,185.148.3.231,FI,Magna Capax Finland Oy,magna-capax,203003.0,nucode
283,185.16.39.194,PL,MEVSPACE sp. z o.o.,Mevspace,201814.0,MEVSPACE
284,185.16.39.225,PL,MEVSPACE sp. z o.o.,Mevspace,201814.0,MEVSPACE
285,185.16.39.228,PL,MEVSPACE sp. z o.o.,Mevspace,201814.0,MEVSPACE
286,185.16.39.229,PL,MEVSPACE sp. z o.o.,Mevspace,201814.0,MEVSPACE
287,185.213.175.87,NL,NextGenWebs,NextGenWebs-NL,41608.0,NextGenWebs-NL
288,185.215.167.199,DE,Contabo GmbH,CONTABO,51167.0,TT-2021120410
289,185.216.176.180,AT,netcup GmbH,netcup-AS,197540.0,NETCUP-NETWORK-185-216-176-23
290,185.220.100.240,DE,F3 Netze e.V.,F3NETZE,205100.0,TOR-EXIT
291,185.220.100.241,DE,F3 Netze e.V.,F3NETZE,205100.0,TOR-EXIT
292,185.220.100.242,DE,F3 Netze e.V.,F3NETZE,205100.0,TOR-EXIT
293,185.220.100.243,DE,F3 Netze e.V.,F3NETZE,205100.0,TOR-EXIT
294,185.220.100.246,DE,F3 Netze e.V.,F3NETZE,205100.0,TOR-EXIT
295,185.220.100.248,DE,F3 Netze e.V.,F3NETZE,205100.0,TOR-EXIT
296,185.220.100.249,DE,F3 Netze e.V.,F3NETZE,205100.0,TOR-EXIT
297,185.220.100.250,DE,F3 Netze e.V.,F3NETZE,205100.0,TOR-EXIT
298,185.220.100.251,DE,F3 Netze e.V.,F3NETZE,205100.0,TOR-EXIT
299,185.220.100.252,DE,F3 Netze e.V.,F3NETZE,205100.0,TOR-EXIT
300,185.220.100.253,DE,F3 Netze e.V.,F3NETZE,205100.0,TOR-EXIT
301,185.220.100.254,DE,F3 Netze e.V.,F3NETZE,205100.0,TOR-EXIT
302,185.220.100.255,DE,F3 Netze e.V.,F3NETZE,205100.0,TOR-EXIT
303,185.220.101.141,DE,Zwiebelfreunde e.V.,ZWIEBELFREUNDE,60729.0,RELAYON
304,185.220.101.32,DE,Zwiebelfreunde e.V.,ZWIEBELFREUNDE,60729.0,TOR-EXIT
305,185.220.101.33,DE,Zwiebelfreunde e.V.,ZWIEBELFREUNDE,60729.0,TOR-EXIT
306,185.220.101.34,DE,Zwiebelfreunde e.V.,ZWIEBELFREUNDE,60729.0,TOR-EXIT
307,185.220.101.35,DE,Zwiebelfreunde e.V.,ZWIEBELFREUNDE,60729.0,TOR-EXIT
308,185.220.101.37,DE,Zwiebelfreunde e.V.,ZWIEBELFREUNDE,60729.0,TOR-EXIT
309,185.220.101.39,DE,Zwiebelfreunde e.V.,ZWIEBELFREUNDE,60729.0,TOR-EXIT
310,185.220.101.40,DE,Zwiebelfreunde e.V.,ZWIEBELFREUNDE,60729.0,TOR-EXIT
311,185.220.101.44,DE,Zwiebelfreunde e.V.,ZWIEBELFREUNDE,60729.0,TOR-EXIT
312,185.220.101.52,DE,Zwiebelfreunde e.V.,ZWIEBELFREUNDE,60729.0,TOR-EXIT
313,185.230.4.150,BG,VIPNET PRIM Ltd,VIPNET,45007.0,VIPNET-PK1
314,185.246.188.74,NL,Flokinet Ltd,FlokiNET,200651.0,FlokiNET-Netherlands
315,185.246.209.151,US,Datacamp Limited,CDN77,60068.0,CDN77-CHICAGO-II
316,185.253.161.186,US,M247 Europe SRL,M247,9009.0,M247-LOS-ANGELES
317,185.53.177.53,DE,Team Internet AG,TEAMINTERNET-AS,61969.0,DC-Germany
318,185.53.178.50,DE,Team Internet AG,TEAMINTERNET-AS,61969.0,DC-Germany
319,185.53.178.54,DE,Team Internet AG,TEAMINTERNET-AS,61969.0,DC-Germany
320,185.56.83.83,CH,Datashield,DATASHIELD_CH,211720.0,SC-DATASHIELD-02272021
321,188.42.147.139,SG,SERVERS-COM-SIN,,,SERVERS-COM-SIN1
322,191.96.150.107,US,Cogent Communications,COGENT-174,174.0,IPXO
323,191.96.150.33,US,Cogent Communications,COGENT-174,174.0,IPXO
324,191.96.36.254,CA,Cogent Communications,ASDETUK,61317.0,IPXO
325,192.168.0.1,US,,,,PRIVATE-ADDRESS-CBLK-RFC1918-IANA-RESERVED
326,192.168.1.1,US,,,,PRIVATE-ADDRESS-CBLK-RFC1918-IANA-RESERVED
327,192.225.158.132,US,ThreatMetrix Inc.,THM,30286.0,THM-2
328,192.36.144.22,SE,D-GIX Service network,NETNOD-IX,8674.0,D-GIX-LAN
329,192.99.46.95,CA,OVH SAS,OVH,16276.0,OVH-DEDI-192-99-41
330,193.122.6.168,DE,Oracle Corporation,,,OC-195
331,193.226.227.110,HU,DIGI Tavkozlesi es Szolgaltato Kft,DIGICABLE,20845.0,HU-HDSNET-19980123
332,194.106.216.222,UA,TOV IT-Park,CDNnet-as,21257.0,XUA
333,194.181.228.35,PL,NAUKOWA I AKADEMICKA SIEC KOMPUTEROWA - PANSTWOWY INSTYTUT BADAWCZY,NASK-COMMERCIAL,8308.0,GLOBTEL
334,195.154.172.169,FR,ONLINE S.A.S.,AS12876,12876.0,TF-CUST-EAM
335,195.154.179.2,FR,ONLINE S.A.S.,AS12876,12876.0,TF-CUST-EAM
336,195.154.181.225,FR,ONLINE S.A.S.,AS12876,12876.0,TF-CUST-EAM
337,195.154.189.212,FR,ONLINE S.A.S.,AS12876,12876.0,TF-CUST-EAM
338,195.154.199.175,FR,ONLINE S.A.S.,AS12876,12876.0,IE-CUST-XERFI
339,195.154.204.36,FR,ONLINE S.A.S.,AS12876,12876.0,TF-CUST-MOVIE-SOLUTIONS
340,195.154.221.54,FR,ONLINE S.A.S.,AS12876,12876.0,HOURA-2
341,195.181.172.249,NL,Datacamp Limited,CDN77,60068.0,AMS-CDN77
342,195.3.220.58,PL,MEVSPACE sp. z o.o.,Mevspace,201814.0,MEVSPACE
343,197.231.179.5,KE,Frontier Optical Networks Ltd,FON,37305.0,FON_MSA
344,198.199.185.161,US,Steiner Studios,STEINERSTUDIOS,40211.0,STEINERSTUDIOS
345,198.251.84.144,LU,FranTech Solutions,PONYNET,53667.0,BUYVM-SWIP-198-251-84-40-32
346,198.8.95.245,CA,Total Server Solutions L.L.C.,PERFORMIVE,46562.0,TOTAL-SERVER-SOLUTIONS
347,199.19.95.109,CA,Netminders Server Hosting,NETMINDERS,7040.0,OL-372
348,199.59.243.223,US,"Amazon.com, Inc.",AMAZON-02,16509.0,BODIS-A
349,202.156.3.37,SG,StarHub Cable Vision Ltd,STARHUB-NGNBN,55430.0,SGCABLEVISION-SG
350,202.182.113.14,JP,The Constant Company,AS-CHOOPA,20473.0,TYO_VULTR_CUST
351,202.61.226.152,DE,netcup GmbH,netcup-AS,197540.0,NETCUP-NETWORK-202-61-224-0-20
352,202.61.238.233,DE,netcup GmbH,netcup-AS,197540.0,NETCUP-NETWORK-202-61-224-0-20
353,202.61.240.22,DE,netcup GmbH,netcup-AS,197540.0,NETCUP-NETWORK-202-61-224-0-20
354,202.61.248.32,DE,netcup GmbH,netcup-AS,197540.0,NETCUP-NETWORK-202-61-224-0-20
355,202.61.255.20,DE,netcup GmbH,netcup-AS,197540.0,NETCUP-NETWORK-202-61-224-0-20
356,203.107.1.65,CN,Hangzhou Alibaba Advertising Co.,ALIBABA-CN-NET,45102.0,ALISOFT
357,203.123.48.219,SG,eSys Technologies Pte Ltd,DCS1-02-AS-AP,37989.0,DCS1-01
358,204.187.100.82,CA,Amanah Tech Inc.,AMANAHA-NEW,32489.0,AMANAH-BLOCK1
359,206.217.216.10,NL,UK-2 Limited,UK2NET-AS,13213.0,PINGPERFECT-LTD
360,207.180.192.205,DE,Contabo GmbH,CONTABO,51167.0,CONTABO
361,207.180.192.206,DE,Contabo GmbH,CONTABO,51167.0,CONTABO
362,207.244.241.63,US,Contabo Inc.,NL-811-40021,40021.0,USNET-207-244-234
363,208.87.135.55,AU,"HIVELOCITY, Inc.",,,SN-208-87-128-0-22
364,208.95.112.1,US,"Total Uptime Technologies, LLC",,,TUTL-5
365,209.209.112.121,US,Baxet Group Inc,BAXET-GROUP,398343.0,BAXET-NET
366,210.244.71.25,TW,Digital United Inc.,NCIC-TW,9919.0,SEEDNET-NET
367,212.129.19.188,FR,Online SAS,AS12876,12876.0,SCALEWAY-DEDIBOX-IPFO
368,212.178.135.62,NL,Vodafone Libertel B.V.,TNF-AS,33915.0,STICHTING_DE_DOMIJNEN
369,212.193.62.42,RU,Trader soft LLC,,,COMFORTEL-TRADERSOFT-NET
370,212.6.3.67,RU,"S.SETEVAYA SVYAZ, OOO",SNCNET-AS,8440.0,SNC-RC-NET2
371,213.34.163.254,NL,Vodafone Libertel B.V.,TNF-AS,33915.0,MEDTRONIC_BV
372,217.138.205.98,AU,M247 Europe SRL,M247,9009.0,M247-LTD-Sydney
373,217.23.1.103,NL,WorldStream B.V.,WorldStream,49981.0,WORLDSTREAM
374,221.7.164.11,CN,China Unicom,CHINA169-Backbone,4837.0,QZ-CNC-MANAGE
375,223.109.148.129,CN,China Mobile communications corporation,,,CMNET
376,23.106.249.200,SG,Leaseweb Asia Pacific pte. ltd.,LEASEWEB-APAC-SIN-11,59253.0,LSW-SG
377,23.137.251.45,US,IncogNET LLC,INCOGNET,210630.0,INCOGNET-LLC
378,23.15.104.180,SG,"Akamai Technologies, Inc.",AKAMAI-ASN1,20940.0,AIBV
379,23.15.147.56,SG,"Akamai Technologies, Inc.",AKAMAI-AS,16625.0,AIBV
380,23.195.120.51,SG,Akamai Technologies,AKAMAI-ASN1,20940.0,AIBV
381,23.200.24.107,SG,Akamai International B.V.,AKAMAI-AS,16625.0,AIBV
382,23.200.24.57,SG,Akamai International B.V.,AKAMAI-AS,16625.0,AIBV
383,23.200.24.66,SG,Akamai International B.V.,AKAMAI-AS,16625.0,AIBV
384,23.200.24.72,SG,Akamai International B.V.,AKAMAI-AS,16625.0,AIBV
385,23.205.208.49,SG,Starhub Internet Pte Ltd,AKAMAI-AS,16625.0,AIBV
386,23.209.65.4,TH,"Akamai Technologies, Inc.",AKAMAI-AS,16625.0,AIBV
387,23.220.203.32,SG,Akamai International B.V.,AKAMAI-LON,34164.0,AIBV
388,23.220.203.9,SG,Akamai International B.V.,AKAMAI-LON,34164.0,AIBV
389,23.39.15.207,SG,"Akamai Technologies, Inc.",AKAMAI-AS,16625.0,AIBV
390,23.42.165.170,HK,"Akamai Technologies, Inc.",AKAMAI-AS,16625.0,AIBV
391,23.5.165.67,SG,"Akamai Technologies, Inc.",AKAMAI-ASN1,20940.0,AIBV
392,23.5.165.72,SG,"Akamai Technologies, Inc.",AKAMAI-ASN1,20940.0,AIBV
393,23.66.148.241,HK,"Akamai Technologies, Inc.",AKAMAI-AS,16625.0,AIBV
394,23.66.152.131,HK,"Akamai Technologies, Inc.",AKAMAI-AS,16625.0,AIBV
395,23.76.236.249,HK,"Akamai Technologies, Inc.",AKAMAI-ASN1,20940.0,AIBV
396,23.76.76.122,HK,"Akamai Technologies, Inc.",AKAMAI-ASN1,20940.0,AKAMAI
397,3.1.63.52,SG,Amazon Technologies Inc. (EC2),AMAZON-02,16509.0,AWS-OKTA
398,3.1.95.98,SG,Amazon Technologies Inc. (EC2),AMAZON-02,16509.0,AWS-TWILIO-INC
399,3.232.144.130,US,Amazon Technologies Inc. (EC2),AMAZON-AES,14618.0,AWS-FREEWHEEL
400,3.82.81.203,US,Amazon Technologies Inc. (EC2),AMAZON-AES,14618.0,AWS-AOL
401,34.117.139.101,US,Google LLC,GOOGLE-CLOUD-PLATFORM,396982.0,GOOGLE-CLOUD-TO-MCICS-3
402,34.89.135.129,US,Google LLC,GOOGLE-CLOUD-PLATFORM,396982.0,AVAGOTECH-ASIA-SOUTHEAST1-2
403,34.92.10.197,US,Google LLC,GOOGLE-CLOUD-PLATFORM,396982.0,AVAGOTECH-ASIA-SOUTHEAST1-2
404,34.94.213.23,US,Google LLC,GOOGLE-CLOUD-PLATFORM,396982.0,AVAGOTECH-ASIA-SOUTHEAST1-2
405,34.98.99.30,US,Google LLC,GOOGLE-CLOUD-PLATFORM,396982.0,AVAGOTECH-SOUTHAMERICA-EAST1-1
406,35.154.241.122,IN,Amazon Technologies Inc. (EC2),AMAZON-02,16509.0,AWS-TWILIO-INC
407,35.155.156.153,US,Amazon Technologies Inc. (EC2),AMAZON-02,16509.0,AMAZO-ZPDX
408,35.163.251.58,US,"Amazon.com, Inc.",AMAZON-02,16509.0,AWS-CHEETAH
409,35.167.186.212,US,"Amazon.com, Inc.",AMAZON-02,16509.0,AWS-SIMILARWEB
410,35.171.49.86,US,"Amazon.com, Inc.",AMAZON-AES,14618.0,AWS-TIBCO
411,35.227.12.84,US,Google LLC,GOOGLE,15169.0,GOOGLE-CLOUD
412,37.120.236.166,BE,M247 Europe SRL,M247,9009.0,M247-LTD-Brussels
413,37.19.217.198,FR,Datacamp Limited,CDNEXT,212238.0,CDNEXT-PAR
414,37.221.193.21,DE,netcup GmbH,netcup-AS,197540.0,NETCUP_NET-4
415,37.221.194.169,DE,netcup GmbH,netcup-AS,197540.0,NETCUP_NET-4
416,37.48.86.250,NL,LeaseWeb Netherlands B.V.,LEASEWEB-NL-AMS-01,60781.0,NL-LEASEWEB-20120124
417,38.102.84.133,CA,Rica Web Services,RICAWEBSERVICES,26832.0,SERVARICA-CGNT-NET-1
418,38.242.234.0,US,Contabo GmbH,COGENT-174,174.0,OPEN-FIBRE-CGNT-NET-2
419,38.97.116.244,US,Massachusetts Institute of Technology,CP-TEL,63353.0,CPTEL-CGNT-NET-3
420,40.70.184.83,US,Microsoft Corporation,,,MSFT
421,41.205.148.102,,Telecom Namibia,TELECOM-NAMIBIA,36996.0,TN-Datacenter-I
422,42.120.149.247,CN,Addresses CNNIC,ALIBABA-CN-NET,37963.0,Taobao
423,43.156.222.210,SG,Shenzhen Tencent Computer Systems Company Limited,,,ACEVILLEPTELTD-SG
424,43.156.222.216,SG,Shenzhen Tencent Computer Systems Company Limited,,,ACEVILLEPTELTD-SG
425,43.245.107.5,SG,M1 LIMITED,MOBILEONELTD-AS-AP,4773.0,M1LIMITED-SG
426,45.114.7.244,SG,Whiz Communications Pte Ltd,WHIZCOMMS-AS-AP,135600.0,WHIZCOMMS-SG
427,45.115.219.228,NP,Data Hub Pvt. Ltd.,DATAHUB-AS-AP,18222.0,DATAHUB-NP
428,45.128.36.130,US,M247 Europe SRL,M247,9009.0,M247-CHICAGO
429,45.128.36.162,US,M247 Europe SRL,M247,9009.0,M247-CHICAGO
430,45.129.182.164,DE,netcup GmbH,netcup-AS,197540.0,DE-NETCUP-SERVER
431,45.139.215.158,GR,Ote SA (Hellenic Telecommunications Organisation),OTENET-GR,6799.0,OTE-SA
432,45.139.215.185,GR,Ote SA (Hellenic Telecommunications Organisation),OTENET-GR,6799.0,OTE-SA
433,45.139.215.233,GR,Ote SA (Hellenic Telecommunications Organisation),OTENET-GR,6799.0,OTE-SA
434,45.139.215.45,GR,Ote SA (Hellenic Telecommunications Organisation),OTENET-GR,6799.0,OTE-SA
435,45.139.215.7,GR,Ote SA (Hellenic Telecommunications Organisation),OTENET-GR,6799.0,OTE-SA
436,45.145.186.125,US,DediPath LLC,DEDIPATH-LLC,35913.0,DEDIPA-45-145-186-0
437,45.150.227.58,US,Spartan Host Ltd,CNSERVERS,40065.0,Spartan-Host-Ltd
438,45.154.98.33,NL,1337 Services GmbH,services-1337-gmbh,210558.0,DE-1337SERVICES-20211028
439,45.157.178.19,DE,netcup GmbH,netcup-AS,197540.0,DE-NETCUP-SERVER
440,45.158.20.194,CA,Netlab,,,CA-TEEMO-20190927
441,45.33.23.183,US,"Akamai Technologies, Inc.",,,LINODE
442,45.77.243.81,SG,"The Constant Company, LLC",AS-CHOOPA,20473.0,NET-45-77-242-0-23
443,45.79.133.252,US,"Akamai Technologies, Inc.",,,LINODE
444,45.9.148.209,NL,Nice IT Services Group Inc.,NICEIT,49447.0,NiceIT-NL
445,46.137.201.66,SG,"Amazon.com, Inc.",AMAZON-02,16509.0,AMAZON-SIN
446,46.166.191.25,NL,NForce Entertainment B.V.,NFORCE,43350.0,NETCRAWLED_LLC
447,46.166.191.26,NL,NForce Entertainment B.V.,NFORCE,43350.0,NETCRAWLED_LLC
448,46.166.191.27,NL,NForce Entertainment B.V.,NFORCE,43350.0,NETCRAWLED_LLC
449,46.166.191.29,NL,NForce Entertainment B.V.,NFORCE,43350.0,NETCRAWLED_LLC
450,46.232.211.120,NL,SlashN Services Pte. Ltd.,sg-slashn,208959.0,SG-SLASHN-20180615
451,46.246.3.223,SE,Portlane Network,PORTLANE,42708.0,COLO-HOSTING-NET-04
452,46.38.243.85,DE,netcup GmbH,netcup-AS,197540.0,NETCUP_NET-2
453,47.241.41.246,SG,Alibaba.com LLC,ALIBABA-CN-NET,45102.0,ALICLOUD-SG
454,47.246.12.235,MY,Alibaba.com LLC,,,AL-3
455,47.246.12.236,MY,Alibaba.com LLC,,,AL-3
456,47.246.12.237,MY,Alibaba.com LLC,,,AL-3
457,47.246.12.238,MY,Alibaba.com LLC,,,AL-3
458,47.246.12.243,MY,Alibaba.com LLC,,,AL-3
459,47.246.12.245,MY,Alibaba.com LLC,,,AL-3
460,47.246.58.115,SG,"Zhejiang Taobao Network Co., Ltd",,,AL-3
461,47.89.251.173,US,Alibaba.com LLC,ALIBABA-CN-NET,45102.0,ALICLOUD-US
462,49.12.86.202,DE,Hetzner Online GmbH,HETZNER-AS,24940.0,SCHAAL-IT-UG
463,5.189.157.90,DE,Contabo GmbH,CONTABO,51167.0,CONTABO
464,5.189.160.21,DE,Contabo GmbH,CONTABO,51167.0,CONTABO
465,5.189.183.129,DE,Contabo GmbH,CONTABO,51167.0,CONTABO
466,5.189.183.155,DE,Contabo GmbH,CONTABO,51167.0,CONTABO
467,5.189.188.23,DE,Contabo GmbH,CONTABO,51167.0,CONTABO
468,5.254.48.82,NL,Voxility LLP,VOXILITY,3223.0,GZ_systems
469,5.79.83.193,NL,LeaseWeb Netherlands B.V.,LEASEWEB-NL-AMS-01,60781.0,NL-LEASEWEB-20120614
470,5.79.83.194,NL,LeaseWeb Netherlands B.V.,LEASEWEB-NL-AMS-01,60781.0,NL-LEASEWEB-20120614
471,5.9.67.240,DE,Hetzner Online GmbH,HETZNER-AS,24940.0,HETZNER-fsn1-dc7
472,5.9.88.200,DE,Hetzner Online GmbH,HETZNER-AS,24940.0,HETZNER-fsn1-dc7
473,50.21.176.118,US,IONOS SE,IONOS-AS,8560.0,1AN1-NETWORK
474,51.222.86.79,CA,OVH SAS,OVH,16276.0,VPS-BHS6
475,51.38.230.101,FR,OVH SAS,OVH,16276.0,VPS-GRA
476,51.83.109.116,FR,OVH SAS,OVH,16276.0,PCI-GRA5
477,51.89.153.112,GB,OVH SAS,OVH,16276.0,ERI-SD-MAGGIE-ADV2-E102G
478,52.0.126.193,US,"Amazon.com, Inc.",,,AT-88-Z
479,52.220.221.130,SG,"Amazon.com, Inc.",AMAZON-02,16509.0,AWS-CRAZYCALL
480,52.220.221.188,SG,"Amazon.com, Inc.",AMAZON-02,16509.0,AWS-CRAZYCALL
481,52.220.238.87,SG,"Amazon.com, Inc.",AMAZON-02,16509.0,AWS-CRAZYCALL
482,52.220.25.133,SG,"Amazon.com, Inc.",AMAZON-02,16509.0,AMAZON-SIN
483,52.50.114.126,IE,Amazon Technologies Inc. (EC2),AMAZON-02,16509.0,AWS-NETFLIX-INC
484,52.74.60.238,SG,"Amazon.com, Inc.",AMAZON-AES,14618.0,AWS-SALESFUSION-INC
485,52.77.117.182,SG,"Amazon.com, Inc.",AMAZON-02,16509.0,AWS-SHELL-INTERNET
486,52.9.197.152,US,Amazon Technologies Inc. (EC2),AMAZON-02,16509.0,AWS-QWILT
487,54.145.112.167,US,Amazon Technologies Inc.,AMAZON-AES,14618.0,AMAZON-IAD
488,54.153.90.140,US,"Amazon.com, Inc.",AMAZON-AES,14618.0,AWS-NETFLIX-INC
489,54.154.153.238,IE,"Amazon.com, Inc.",AMAZON-02,16509.0,AWS-RIGHTSTER-LTD
490,54.161.70.78,US,"Amazon.com, Inc.",AMAZON-AES,14618.0,AWS-SYNCBAK
491,54.174.200.52,US,"Amazon.com, Inc.",AMAZON-AES,14618.0,AWS-EBANX-LTDA
492,54.179.113.20,SG,"Amazon.com, Inc.",AMAZON-02,16509.0,AWS-NETFLIX-INC
493,54.179.201.139,SG,"Amazon.com, Inc.",AMAZON-02,16509.0,AWS-NETFLIX-INC
494,54.192.150.32,SG,"Amazon.com, Inc.",,,AMAZO-CF2
495,54.192.150.36,SG,"Amazon.com, Inc.",,,AMAZO-CF2
496,54.192.150.44,SG,"Amazon.com, Inc.",,,AMAZO-CF2
497,54.192.150.88,SG,"Amazon.com, Inc.",,,AMAZO-CF2
498,54.193.33.181,US,"Amazon.com, Inc.",AMAZON-02,16509.0,AWS-JEFF-BARTLETT
499,54.194.124.68,IE,"Amazon.com, Inc.",,,AMAZO-ZDUB5
500,54.194.135.233,IE,"Amazon.com, Inc.",,,AMAZO-ZDUB5
501,54.194.137.170,IE,"Amazon.com, Inc.",,,AMAZO-ZDUB5
502,54.209.131.199,US,"Amazon.com, Inc.",AMAZON-AES,14618.0,AWS-LENDINGSTREAM1
503,54.210.80.192,US,"Amazon.com, Inc.",AMAZON-AES,14618.0,AWS-ELASTICA-INC
504,54.214.105.212,US,"Amazon.com, Inc.",,,AMAZO-ZPDX3
505,54.214.62.31,US,"Amazon.com, Inc.",,,AMAZO-ZPDX3
506,54.214.62.55,US,"Amazon.com, Inc.",,,AMAZO-ZPDX3
507,54.215.207.56,US,"Amazon.com, Inc.",,,AMAZO-ZSFO2
508,54.219.10.113,US,"Amazon.com, Inc.",,,AMAZO-ZSFO3
509,54.227.160.188,US,Amazon Technologies Inc. (EC2),AMAZON-AES,14618.0,AWS-ACTIANCE1
510,54.230.151.176,SG,"Amazon.com, Inc.",,,AMAZO-ZL4
511,54.254.182.13,SG,"Amazon.com, Inc.",,,AMAZON-ASIA-SIN2
512,54.254.217.107,SG,"Amazon.com, Inc.",,,AMAZON-ASIA-SIN2
513,54.254.76.2,SG,"Amazon.com, Inc.",,,AMAZON-ASIA-SIN2
514,54.39.98.124,CA,OVH SAS,OVH,16276.0,VPS-BHS
515,54.70.174.84,US,"Amazon.com, Inc.",AMAZON-02,16509.0,AWS-SAMSUNG-SEMICONDUCTOR-INC
516,54.70.28.180,US,"Amazon.com, Inc.",AMAZON-02,16509.0,AWS-SAMSUNG-SEMICONDUCTOR-INC
517,54.75.73.159,IE,"Amazon.com, Inc.",AMAZON-02,16509.0,AWS-CTI
518,54.76.19.30,IE,"Amazon.com, Inc.",AMAZON-02,16509.0,AWS-NETFLIXINC15
519,54.77.130.51,IE,"Amazon.com, Inc.",AMAZON-02,16509.0,AWS-MADE-MEDIA-LTD
520,54.77.218.23,IE,"Amazon.com, Inc.",AMAZON-02,16509.0,AWS-NETFLIX-INC
521,62.171.169.198,DE,Contabo GmbH,CONTABO,51167.0,CONTABO
522,62.171.169.210,DE,Contabo GmbH,CONTABO,51167.0,CONTABO
523,62.210.132.12,FR,ONLINE S.A.S.,AS12876,12876.0,IE-CUST-ENABLON
524,62.210.202.61,FR,ONLINE S.A.S.,AS12876,12876.0,TF-CUST-NEOLANE
525,64.233.170.103,SG,Google LLC,GOOGLE,15169.0,GOOGLE
526,64.233.170.104,SG,Google LLC,GOOGLE,15169.0,GOOGLE
527,64.233.170.105,SG,Google LLC,GOOGLE,15169.0,GOOGLE
528,64.233.170.147,SG,Google LLC,GOOGLE,15169.0,GOOGLE
529,64.233.170.99,SG,Google LLC,GOOGLE,15169.0,GOOGLE
530,65.108.201.176,FI,Hetzner Online GmbH,HETZNER-AS,24940.0,HOS-1397173
531,67.213.221.18,US,UK-2 Limited,,,HSI-NET-67-213-208-0-1
532,68.71.244.2,CA,Total Server Solutions L.L.C.,PERFORMIVE,46562.0,TOTAL-SERVER-SOLUTIONS
533,69.12.66.178,US,QuadraNet Enterprises LLC,ASN-QUADRANET-GLOBAL,8100.0,IT-NUT-HOSTING
534,69.16.230.226,US,"Liquid Web, L.L.C",LIQUIDWEB,32244.0,ATLANTISOCS-1
535,69.16.231.56,US,"Liquid Web, L.L.C",LIQUIDWEB,32244.0,ATLANTISOCS-1
536,69.16.231.57,US,"Liquid Web, L.L.C",LIQUIDWEB,32244.0,ATLANTISOCS-1
537,72.52.179.174,US,"Liquid Web, L.L.C",LIQUIDWEB,32244.0,ECLIPSEOCS-1
538,74.125.130.103,SG,Google LLC,GOOGLE,15169.0,GOOGLE-CORP-74-125-120-0
539,74.125.130.104,SG,Google LLC,GOOGLE,15169.0,GOOGLE-CORP-74-125-120-0
540,74.125.130.105,SG,Google LLC,GOOGLE,15169.0,GOOGLE-CORP-74-125-120-0
541,74.125.130.106,SG,Google LLC,GOOGLE,15169.0,GOOGLE-CORP-74-125-120-0
542,74.125.130.147,SG,Google LLC,GOOGLE,15169.0,GOOGLE-CORP-74-125-120-0
543,74.125.130.99,SG,Google LLC,GOOGLE,15169.0,GOOGLE-CORP-74-125-120-0
544,74.125.200.103,SG,Google LLC,GOOGLE,15169.0,GOOGLE-CORP-74-125-120-0
545,74.125.200.104,SG,Google LLC,GOOGLE,15169.0,GOOGLE-CORP-74-125-120-0
546,74.125.200.105,SG,Google LLC,GOOGLE,15169.0,GOOGLE-CORP-74-125-120-0
547,74.125.200.106,SG,Google LLC,GOOGLE,15169.0,GOOGLE-CORP-74-125-120-0
548,74.125.200.147,SG,Google LLC,GOOGLE,15169.0,GOOGLE-CORP-74-125-120-0
549,74.125.200.99,SG,Google LLC,GOOGLE,15169.0,GOOGLE-CORP-74-125-120-0
550,74.125.24.103,KR,Google LLC,GOOGLE,15169.0,GOOGLE
551,74.125.24.104,KR,Google LLC,GOOGLE,15169.0,GOOGLE
552,74.125.24.105,KR,Google LLC,GOOGLE,15169.0,GOOGLE
553,74.125.24.106,KR,Google LLC,GOOGLE,15169.0,GOOGLE
554,74.125.24.147,US,Google LLC,GOOGLE,15169.0,GOOGLE
555,74.125.68.103,US,Google LLC,GOOGLE,15169.0,GOOGLE-CORP-74-125-56-0
556,74.125.68.104,US,Google LLC,GOOGLE,15169.0,GOOGLE-CORP-74-125-56-0
557,74.125.68.106,US,Google LLC,GOOGLE,15169.0,GOOGLE-CORP-74-125-56-0
558,74.125.68.147,SG,Google LLC,GOOGLE,15169.0,GOOGLE-CORP-74-125-56-0
559,74.91.18.58,US,"Nocix, LLC",NOCIX,33387.0,DS-SC-183
560,75.2.37.224,US,"Amazon.com, Inc.",,,AMAZO-4
561,76.223.26.96,US,"Amazon.com, Inc.",,,AMAZO-4
562,77.247.181.209,NL,NFOrce Entertainment BV,NFORCE,43350.0,Amsterdam_Residential_Television_and_Internet_Network
563,77.247.181.210,NL,NFOrce Entertainment BV,NFORCE,43350.0,Amsterdam_Residential_Television_and_Internet_Network
564,77.247.181.211,NL,NFOrce Entertainment BV,NFORCE,43350.0,Amsterdam_Residential_Television_and_Internet_Network
565,77.247.181.212,NL,NFOrce Entertainment BV,NFORCE,43350.0,Amsterdam_Residential_Television_and_Internet_Network
566,77.247.181.213,NL,NFOrce Entertainment BV,NFORCE,43350.0,Amsterdam_Residential_Television_and_Internet_Network
567,77.247.181.215,NL,NFOrce Entertainment BV,NFORCE,43350.0,Amsterdam_Residential_Television_and_Internet_Network
568,77.247.181.216,NL,NFOrce Entertainment BV,NFORCE,43350.0,Amsterdam_Residential_Television_and_Internet_Network
569,77.247.181.217,NL,NFOrce Entertainment BV,NFORCE,43350.0,Amsterdam_Residential_Television_and_Internet_Network
570,77.247.181.218,NL,NFOrce Entertainment BV,NFORCE,43350.0,Amsterdam_Residential_Television_and_Internet_Network
571,77.247.181.219,NL,NFOrce Entertainment BV,NFORCE,43350.0,Amsterdam_Residential_Television_and_Internet_Network
572,77.81.98.70,RO,M247 Europe SRL,M247,9009.0,M247EU-Shared-Hosting
573,77.91.229.218,RU,OOO Fly Engeneering Group,FLYGROUP-AS,199420.0,WAHOME-COLO
574,8.218.15.207,SG,Alibaba.com Singapore E-Commerce Private Limited,ASEPL-AS-AP,134963.0,ALICLOUD-SA
575,80.79.7.205,NL,WorldStream B.V.,WorldStream,49981.0,WORLDSTREAM
576,81.69.13.81,CN,Tencent Cloud,TENCENT-NET-AP,45090.0,TENCENT-CN
577,82.209.230.66,BY,Republican Unitary Telecommunication Enterprise Beltelecom,BELPAK-AS,6697.0,MCK-ENDUSERS
578,83.174.193.196,RU,"PJSC ""Bashinformsvyaz""",JSCBIS-AS,28812.0,ru-bashtel
579,85.10.202.14,DE,Hetzner Online GmbH,HETZNER-AS,24940.0,HETZNER-RZ-NBG-NET
580,85.143.174.77,RU,Trader soft LLC,TRADERSOFT,201848.0,COMFORTEL-TRADERSOFT-NET
581,85.206.172.179,LT,"Informacines sistemos ir technologijos, UAB",IST-AS,61272.0,GuruPrasan-Sahu-NET
582,86.106.90.226,CA,M247 Europe SRL,M247,9009.0,M247-LTD-Quebec
583,88.99.162.148,DE,Hetzner Online GmbH,HETZNER-AS,24940.0,HETZNER-fsn1-dc1
584,89.149.201.132,NL,LeaseWeb Netherlands B.V.,LEASEWEB-NL-AMS-01,60781.0,NL-LEASEWEB-20060223
585,89.187.163.193,SG,Datacamp Limited,CDN77,60068.0,CDN77_SGP-EQ3
586,89.248.168.112,NL,IP Volume inc,INT-NETWORK,202425.0,NET-2-168
587,89.47.234.74,CA,M247 Europe SRL,M247,9009.0,RO-M247RO-20051129
588,89.58.26.17,DE,netcup GmbH,netcup-AS,197540.0,AT-NETCUP-01
589,89.58.46.194,DE,netcup GmbH,netcup-AS,197540.0,AT-NETCUP-01
590,89.58.49.234,DE,netcup GmbH,netcup-AS,197540.0,AT-NETCUP-01
591,89.58.52.62,DE,netcup GmbH,netcup-AS,197540.0,AT-NETCUP-01
592,89.58.61.32,AT,netcup GmbH,netcup-AS,197540.0,netcup-kvm-at
593,91.193.75.4,EE,xTom GmbH,XTOM,3214.0,RS-ORIONTELEKOM
594,91.207.136.85,RU,OOO SET,OOOSET-AS,48176.0,OOONET-NET
595,91.90.120.133,CA,M247 Europe SRL,M247,9009.0,M247-Greenland
596,94.228.192.98,RU,Uniontel ZAO network,UNIONTEL-RU-AS,48293.0,Uniontel_Infra_msk
597,95.111.230.250,DE,Contabo GmbH,CONTABO,51167.0,CONTABO
598,95.214.52.159,PL,MEVSPACE sp. z o.o.,Mevspace,201814.0,PL-MEV-20181221
599,99.209.46.171,CA,Rogers Communications Canada Inc.,ROGERS-COMMUNICATIONS,812.0,DPS
